"x","r","lb_2.5","lb_25","ub_97.5","ub_75","prob","d_comb","variable"
19127,0.110333221701036,0.0200668631227844,0.0803995723932337,0.205345397639512,0.141148085116146,0.99075,2022-05-15,"growth_rate"
19128,0.110215487233379,0.02240185725449,0.081206965487148,0.203283664058933,0.140221560089137,0.9925625,2022-05-16,"growth_rate"
19129,0.110051239497118,0.0247726943591387,0.0818443211075268,0.20127648088718,0.139365434519125,0.9935,2022-05-17,"growth_rate"
19130,0.110097196847855,0.0276755824805166,0.0825714949757301,0.197699761169739,0.138455819578002,0.994875,2022-05-18,"growth_rate"
19131,0.11019518624998,0.0312709506099518,0.0837369532746511,0.193931619237491,0.137554771516764,0.996,2022-05-19,"growth_rate"
19132,0.110203588859634,0.0347884239117959,0.0846658437406895,0.191255822781177,0.136390745000632,0.99725,2022-05-20,"growth_rate"
19133,0.110110623059996,0.0376172952462076,0.0851885057053283,0.188239931117072,0.135346332491074,0.9978125,2022-05-21,"growth_rate"
19134,0.110035439590942,0.0398233710898555,0.0858607761688831,0.184841853425694,0.134351730688707,0.9984375,2022-05-22,"growth_rate"
19135,0.109783718578777,0.0425806648318134,0.0868387284398053,0.182615943959948,0.132959366570113,0.998875,2022-05-23,"growth_rate"
19136,0.109493295229013,0.0454890803950222,0.08786010250513,0.178862538915528,0.131901196492041,0.9995,2022-05-24,"growth_rate"
19137,0.109114183076635,0.0479974383944781,0.0883461909992527,0.176060237998864,0.130981119483611,0.99975,2022-05-25,"growth_rate"
19138,0.108972202537866,0.0502060775857023,0.0888427979953242,0.173296478379134,0.130232101864258,0.9996875,2022-05-26,"growth_rate"
19139,0.108710490564055,0.0521200593115657,0.0894144780188659,0.171170524920682,0.128922633149134,0.99975,2022-05-27,"growth_rate"
19140,0.108390896557654,0.0545873104131193,0.0899147404573355,0.168262739831547,0.127852124928977,0.9999375,2022-05-28,"growth_rate"
19141,0.108336197434969,0.0564458434473682,0.0906285499217024,0.165363200719284,0.126730712373638,1,2022-05-29,"growth_rate"
19142,0.108139672424007,0.0581328643400028,0.0912512667952357,0.162450251501567,0.125608151583858,1,2022-05-30,"growth_rate"
19143,0.108137911453431,0.0594662830570433,0.0915560645611564,0.160546577327661,0.125110912283847,1,2022-05-31,"growth_rate"
19144,0.107980546373905,0.0603096462666023,0.0919659841907817,0.158900722431201,0.124538213115737,1,2022-06-01,"growth_rate"
19145,0.108026101398796,0.0622014236071509,0.0928126833864577,0.156473458053876,0.123919471210759,1,2022-06-02,"growth_rate"
19146,0.108154591572257,0.0643431093435019,0.0937664653802687,0.154315530591452,0.123154057009927,1,2022-06-03,"growth_rate"
19147,0.108296740394418,0.0664716255082793,0.0945456636761025,0.152731827543593,0.122816243652856,1,2022-06-04,"growth_rate"
19148,0.108837557449218,0.067548028570376,0.0949790373700452,0.151931245992211,0.122796366962309,1,2022-06-05,"growth_rate"
19149,0.109036122896329,0.0687049046792178,0.0955600901567504,0.150828395060556,0.122759601202495,1,2022-06-06,"growth_rate"
19150,0.109361178244704,0.0706083937712674,0.0965512009390137,0.149575945123052,0.122730809469185,1,2022-06-07,"growth_rate"
19151,0.109799919260498,0.0726322973961332,0.0976057939078432,0.147946270803967,0.122661341261275,1,2022-06-08,"growth_rate"
19152,0.110283045065874,0.0741192055852162,0.0984524343538927,0.146911542264164,0.122855501790254,1,2022-06-09,"growth_rate"
19153,0.110727299971552,0.0752313245059733,0.0992054692766336,0.146292947339716,0.12290838542058,1,2022-06-10,"growth_rate"
19154,0.111279702089564,0.0765674735796715,0.099864891337276,0.146030411318058,0.123090906452603,1,2022-06-11,"growth_rate"
19155,0.111677188537002,0.0780990978471604,0.100690143743832,0.145086492535392,0.12292068753629,1,2022-06-12,"growth_rate"
19156,0.112053706046449,0.0794036089668018,0.101343467183558,0.144257303816253,0.122791820450206,1,2022-06-13,"growth_rate"
19157,0.112309644008142,0.0798616195514235,0.101882634306345,0.143861619946166,0.122916321239566,1,2022-06-14,"growth_rate"
19158,0.112631285320666,0.0797400474647397,0.102079843475211,0.143592212748729,0.123225511029946,1,2022-06-15,"growth_rate"
19159,0.113054290750639,0.0805002057210426,0.102474745409258,0.143608062766078,0.123440972734868,1,2022-06-16,"growth_rate"
19160,0.113418964821963,0.0819541263470047,0.103192408466524,0.143459444359659,0.123585190535791,1,2022-06-17,"growth_rate"
19161,0.113907662284747,0.0841381766903165,0.104055791729047,0.142889007487176,0.123724847846044,1,2022-06-18,"growth_rate"
19162,0.114348633773258,0.085277583612884,0.104552930272975,0.143443330357698,0.123967802933587,1,2022-06-19,"growth_rate"
19163,0.114749206713105,0.0857023356222312,0.105051041717458,0.144175828699585,0.12442689521369,1,2022-06-20,"growth_rate"
19164,0.115110433507224,0.0860738827843487,0.105602165043945,0.144192829637712,0.124796718108677,1,2022-06-21,"growth_rate"
19165,0.115534067257779,0.0878618321825617,0.106233712590004,0.143997296609271,0.124712706049368,1,2022-06-22,"growth_rate"
19166,0.1157432835585,0.0890720782480718,0.106674894181451,0.143399954902728,0.124712026259495,1,2022-06-23,"growth_rate"
19167,0.115905918375043,0.0894896262428823,0.106919779500593,0.143663537536606,0.124938026656847,1,2022-06-24,"growth_rate"
19168,0.115869606228115,0.0889549058172373,0.106884002573863,0.144569537936378,0.125117974034889,1,2022-06-25,"growth_rate"
19169,0.115589893135994,0.0890391877146542,0.106724264164012,0.14457383511625,0.124936274765744,1,2022-06-26,"growth_rate"
19170,0.11512759284296,0.0897258672259314,0.106494805931234,0.143811639419281,0.124381406881296,1,2022-06-27,"growth_rate"
19171,0.114470629832798,0.0901311670188855,0.106130911122971,0.142183220160081,0.123542656252027,1,2022-06-28,"growth_rate"
19172,0.113627231252466,0.089297819615441,0.10520033957338,0.14132832282968,0.122430211848757,1,2022-06-29,"growth_rate"
19173,0.112333077989153,0.0877094746136899,0.103752845780161,0.140923274747829,0.121351104040842,1,2022-06-30,"growth_rate"
19174,0.110563598368935,0.0860954331890357,0.102049575277953,0.139268036052884,0.119621169323753,1,2022-07-01,"growth_rate"
19175,0.108387050846747,0.0845057962044131,0.10004803510758,0.136084963591883,0.117238095720856,1,2022-07-02,"growth_rate"
19176,0.105784132126896,0.0828551333658268,0.097673505023245,0.132578159292645,0.114400463211742,1,2022-07-03,"growth_rate"
19177,0.102723757056574,0.0795592749469889,0.0945801803788073,0.130235399150817,0.111352218467156,1,2022-07-04,"growth_rate"
19178,0.0991718406896192,0.0753379707891579,0.0907226598143007,0.127489246502986,0.107967099982557,1,2022-07-05,"growth_rate"
19179,0.0949983134680534,0.071223376610684,0.0867597669400493,0.123228563782643,0.103928561543417,1,2022-07-06,"growth_rate"
19180,0.0902698919073566,0.0672178575201462,0.0824036277078367,0.117171465554583,0.098882941991892,1,2022-07-07,"growth_rate"
19181,0.0851627749298884,0.0623874520212635,0.0774660237425832,0.110567478933932,0.09320875285527,1,2022-07-08,"growth_rate"
19182,0.0796968347749079,0.056353281492959,0.0719852390038539,0.104399728974353,0.0878048953805756,1,2022-07-09,"growth_rate"
19183,0.0742244182726752,0.0499936956202974,0.0662050326478163,0.099089189855978,0.0823936483770497,1,2022-07-10,"growth_rate"
19184,0.0686884210587044,0.0444118016296369,0.0606825091826042,0.0932362396778125,0.0769057125547876,1,2022-07-11,"growth_rate"
19185,0.0632483687718015,0.0392507464834778,0.0555335488913964,0.0866571595438652,0.0711030330103238,1,2022-07-12,"growth_rate"
19186,0.057751589492786,0.0343382966713654,0.0502232008079131,0.0800871687435473,0.0651892169542754,1,2022-07-13,"growth_rate"
19187,0.0522721570276183,0.0282789635749545,0.0447790748111243,0.075136641225992,0.0597943296400016,1,2022-07-14,"growth_rate"
19188,0.0471324023243076,0.022091998292017,0.0391952305691543,0.0707106563294106,0.0547727195056109,0.9998125,2022-07-15,"growth_rate"
19189,0.0420598355061548,0.0165472029037238,0.0339761701098389,0.0653227730884035,0.0498241881533197,0.9989375,2022-07-16,"growth_rate"
19190,0.0372048817685977,0.0126982733636121,0.0292194038427782,0.0593657910126279,0.0448490329031435,0.9976875,2022-07-17,"growth_rate"
19191,0.0324713881370884,0.00879134069036895,0.0246878037369165,0.0535492513359937,0.039838330333714,0.9954375,2022-07-18,"growth_rate"
19192,0.0278543891608711,0.00388033064277822,0.0200608671566982,0.0496682279685486,0.0353924150729819,0.9868125,2022-07-19,"growth_rate"
19193,0.0234925657082043,-0.00159560081545507,0.0155314558489292,0.0462350325644456,0.0312457075556209,0.9679375,2022-07-20,"growth_rate"
19194,0.0193522252565188,-0.00544438440285033,0.0114026528862075,0.0421691221593891,0.0270945400844964,0.942875,2022-07-21,"growth_rate"
19195,0.0154457228258877,-0.00859531016193551,0.00779012819567693,0.037617889092051,0.0230458895485828,0.9071875,2022-07-22,"growth_rate"
19196,0.0118113972994656,-0.0111730428656807,0.0043389736824162,0.0332177217397888,0.0189935081594936,0.856,2022-07-23,"growth_rate"
19197,0.00828568829114706,-0.0149487204682125,0.000692326584223357,0.0304436989133782,0.0156160191049182,0.7694375,2022-07-24,"growth_rate"
19198,0.00495696868700213,-0.0191020189117795,-0.00286375706614672,0.0278299916061899,0.0123948984378008,0.6663125,2022-07-25,"growth_rate"
19199,0.00171976341586078,-0.0223663554519858,-0.00617207067277503,0.0248661566490211,0.00926281491589864,0.5579375,2022-07-26,"growth_rate"
19200,-0.00146325455025753,-0.0244783678225389,-0.0090001497393446,0.021172626277251,0.00592402724162477,0.4463125,2022-07-27,"growth_rate"
19201,-0.00445744058769648,-0.0265321152836322,-0.0116896061467582,0.0176996299938919,0.00281679306426619,0.339125,2022-07-28,"growth_rate"
19202,-0.00724539278361336,-0.0297284261937991,-0.0146787142017857,0.0153636263356951,0.00027763298351724,0.257875,2022-07-29,"growth_rate"
19203,-0.010041037188826,-0.0335619818077688,-0.0176778201071699,0.0133051036660688,-0.00222063401703987,0.1909375,2022-07-30,"growth_rate"
19204,-0.0127571728854963,-0.0364853379169983,-0.0203477175053339,0.0104531816674733,-0.00505682110111549,0.1330625,2022-07-31,"growth_rate"
19205,-0.0154154839751466,-0.0384676929309691,-0.022806923836479,0.00718206735514214,-0.00805898985623243,0.0840625,2022-08-01,"growth_rate"
19206,-0.018029577821725,-0.0398128392226399,-0.0253502855773255,0.00382881115317897,-0.0109582269889446,0.05225,2022-08-02,"growth_rate"
19207,-0.0206085610905649,-0.0429923591422418,-0.0280723513591328,0.00226330252427147,-0.0131676451206493,0.036125,2022-08-03,"growth_rate"
19208,-0.0231692508502839,-0.0464965316686878,-0.0308766090655737,0.000669888505263653,-0.0153064322728478,0.027875,2022-08-04,"growth_rate"
19209,-0.025495140918522,-0.049227225235011,-0.0333022448474707,-0.00149727378398481,-0.0177307142568972,0.019625,2022-08-05,"growth_rate"
19210,-0.0277491451391061,-0.0510246833952039,-0.0354436141095986,-0.0046049491762739,-0.0202727540337344,0.0109375,2022-08-06,"growth_rate"
19211,-0.0299562588996185,-0.0529242962090236,-0.037521120302684,-0.0079495591451912,-0.0227865429801883,0.0053125,2022-08-07,"growth_rate"
19212,-0.032090323772886,-0.0554650690300814,-0.0396728339673683,-0.00958882485787232,-0.0247524506873613,0.0045,2022-08-08,"growth_rate"
19213,-0.0341182386388554,-0.0583511750767456,-0.0418338516422018,-0.0107578715053815,-0.0266049226668602,0.0036875,2022-08-09,"growth_rate"
19214,-0.03607222805175,-0.0603716465866435,-0.0437425634391192,-0.0125163172323439,-0.0284738817424707,0.0024375,2022-08-10,"growth_rate"
19215,-0.0379880471735099,-0.061682912834293,-0.0453962416767772,-0.0152994589287962,-0.0304442132228919,0.001125,2022-08-11,"growth_rate"
19216,-0.0395628848423994,-0.0624446379520005,-0.0469392909796287,-0.0175253415871125,-0.0322179260307841,0.0005625,2022-08-12,"growth_rate"
19217,-0.0410814881110582,-0.0649535312423533,-0.0487009458015496,-0.0185500663624163,-0.0334705244019392,5e-04,2022-08-13,"growth_rate"
19218,-0.042370390119477,-0.0672187159709773,-0.0501546488389785,-0.0190901443953517,-0.034453819146864,5e-04,2022-08-14,"growth_rate"
19219,-0.0434237489425553,-0.06833299699382,-0.0513382882380875,-0.0200752600382552,-0.035463043149822,0.0005625,2022-08-15,"growth_rate"
19220,-0.0443042776008591,-0.0683430475817001,-0.0519920275093096,-0.0218355004229033,-0.0365084528443109,0.0001875,2022-08-16,"growth_rate"
19221,-0.0449151708312114,-0.0682900624827801,-0.052400590871858,-0.0230157650455363,-0.0373998047169463,0.000125,2022-08-17,"growth_rate"
19222,-0.0453178733867927,-0.0694376727219019,-0.0529548640922465,-0.0226756704998874,-0.0376400861972209,0.000125,2022-08-18,"growth_rate"
19223,-0.0455373101818566,-0.0703104577855664,-0.0534815713717993,-0.0218064877509888,-0.0377041876680281,0.0003125,2022-08-19,"growth_rate"
19224,-0.0455658011243316,-0.0702616262777367,-0.0534939045206931,-0.0216886117588588,-0.037842038607019,0.00025,2022-08-20,"growth_rate"
19225,-0.0453804132383968,-0.0691893654376405,-0.0530197396497917,-0.0220592111311958,-0.0379113757828623,0.0003125,2022-08-21,"growth_rate"
19226,-0.045043892403295,-0.0680253624919274,-0.05253428083359,-0.0222369871084383,-0.0377961445436582,0.0001875,2022-08-22,"growth_rate"
19227,-0.0446413437700988,-0.0681553369893812,-0.0523295894023896,-0.0212728760258288,-0.0370512874042007,0.0005625,2022-08-23,"growth_rate"
19228,-0.044222664529576,-0.0686399279726176,-0.0520625192838209,-0.0201117515387391,-0.0362388004215759,0.0008125,2022-08-24,"growth_rate"
19229,-0.0437413016007147,-0.0679274808358516,-0.0515491871965155,-0.0194451983626981,-0.035822111838634,0.0009375,2022-08-25,"growth_rate"
19230,-0.0434097814357539,-0.0664644823152362,-0.0508842407143281,-0.019697531861685,-0.035662528490585,0.0005625,2022-08-26,"growth_rate"
19231,-0.0429294040292028,-0.0652442390259139,-0.0503378112888365,-0.0194775164058358,-0.035273146579885,5e-04,2022-08-27,"growth_rate"
19232,-0.0424655152929094,-0.0650737934561548,-0.0501150076890605,-0.0183668407722081,-0.0345972311994341,0.0010625,2022-08-28,"growth_rate"
19233,-0.0419766353612234,-0.0655595427297325,-0.0498007387699804,-0.0168551755768207,-0.033832615546399,0.001375,2022-08-29,"growth_rate"
19234,-0.0414966889760435,-0.0649064516673255,-0.0492234370384816,-0.0165319000800655,-0.0334600671377144,0.0014375,2022-08-30,"growth_rate"
19235,-0.0409117739568676,-0.0634969214580259,-0.0484562089324644,-0.0168735946192897,-0.0332430309656464,0.0013125,2022-08-31,"growth_rate"
19236,-0.0403812543233864,-0.0627966863423407,-0.0477091112164556,-0.0167236086452296,-0.0326719603151061,0.00125,2022-09-01,"growth_rate"
19237,-0.0399163936026914,-0.0630254957359106,-0.0475869267569743,-0.0154238706624603,-0.0320968112151666,0.0016875,2022-09-02,"growth_rate"
19238,-0.0396864178600216,-0.0635706661579062,-0.0476194993915072,-0.0142484659374765,-0.0315922829349701,0.00225,2022-09-03,"growth_rate"
19239,-0.0397165874084211,-0.0637068127446079,-0.0475062379108102,-0.0138878606063742,-0.0314380978811465,0.002625,2022-09-04,"growth_rate"
19240,-0.0397970953658444,-0.063304818730583,-0.0474873129659136,-0.01446867726418,-0.03158653141579,0.00225,2022-09-05,"growth_rate"
19241,-0.0400716289151657,-0.0634372945016271,-0.0477330762461284,-0.0151294935490445,-0.0319068352515601,0.002,2022-09-06,"growth_rate"
19242,-0.0404012329698331,-0.0645644712827968,-0.0484413345384956,-0.0149426661486075,-0.0321555140962734,0.002,2022-09-07,"growth_rate"
19243,-0.0408659633465638,-0.0660321009958081,-0.049112024467148,-0.0146990142575431,-0.0323325046619182,0.001875,2022-09-08,"growth_rate"
19244,-0.0413162301792347,-0.0663529581758314,-0.0495629519303431,-0.0157189077231628,-0.0329332613249561,0.001625,2022-09-09,"growth_rate"
19245,-0.0418554542119249,-0.066196491943938,-0.0499620136144915,-0.0174061123511887,-0.0337878805903707,0.0011875,2022-09-10,"growth_rate"
19246,-0.0424059100372898,-0.0662057486811521,-0.05053869699916,-0.0188970804615223,-0.0346008839194049,0.000875,2022-09-11,"growth_rate"
19247,-0.0431196866061185,-0.0678246606913185,-0.051289262089002,-0.0190391805053254,-0.034799897614215,0.0006875,2022-09-12,"growth_rate"
19248,-0.0434256954405048,-0.0691843452017249,-0.0519326540500308,-0.019037345078125,-0.035111640884504,0.0005625,2022-09-13,"growth_rate"
19249,-0.0437740366216377,-0.0693982650228839,-0.0520783028958054,-0.0194803682232717,-0.0354634027154102,0.0003125,2022-09-14,"growth_rate"
19250,-0.0438524810617296,-0.0688906653136116,-0.0520009863188106,-0.0205283617110843,-0.0357487078617985,6.25e-05,2022-09-15,"growth_rate"
19251,-0.0438589612808706,-0.0692395318185956,-0.0520099578165603,-0.0204046247341219,-0.0356770560926243,0.0003125,2022-09-16,"growth_rate"
19252,-0.0436095302014157,-0.0701995813089158,-0.0521193726868399,-0.0192290514148882,-0.0353765526281237,0.000625,2022-09-17,"growth_rate"
19253,-0.0433145263798633,-0.0706457359202638,-0.0519809983670709,-0.0183336233945659,-0.034854198791735,0.000875,2022-09-18,"growth_rate"
19254,-0.0429813623932964,-0.0701147411072086,-0.0515978645610649,-0.0177259774851188,-0.0344298603492581,0.000625,2022-09-19,"growth_rate"
19255,-0.0424842211750682,-0.0688340100999673,-0.0508064253565033,-0.0180152754622753,-0.0341076334932705,0.0004375,2022-09-20,"growth_rate"
19256,-0.0417929362632654,-0.0676725933680463,-0.050095375808514,-0.0176891476678238,-0.0335739371106867,0.000625,2022-09-21,"growth_rate"
19257,-0.0411098658942732,-0.0676857449029113,-0.0496595220985533,-0.0160264599046577,-0.0327525050837056,0.0010625,2022-09-22,"growth_rate"
19258,-0.0403245408249295,-0.0679598336528272,-0.0490330879917995,-0.0143490301811646,-0.0319006013830998,0.00175,2022-09-23,"growth_rate"
19259,-0.0395290235754004,-0.0666645783061078,-0.0480370190371053,-0.0136129151553775,-0.0310624156552989,0.002,2022-09-24,"growth_rate"
19260,-0.0386920017917392,-0.0647583841576284,-0.0469985713800346,-0.013420324253244,-0.0304246709535729,0.00225,2022-09-25,"growth_rate"
19261,-0.0378228231422342,-0.0632099926626646,-0.0461015690912507,-0.0124191820784169,-0.0294733431475582,0.0023125,2022-09-26,"growth_rate"
19262,-0.0368260889756781,-0.0628670730276814,-0.0453187326442152,-0.0109395830043862,-0.0282893551323516,0.0029375,2022-09-27,"growth_rate"
19263,-0.0357214174922971,-0.062414708349631,-0.0444889885379997,-0.00943013210386385,-0.02717286812195,0.0045625,2022-09-28,"growth_rate"
19264,-0.0348340510906524,-0.0610815375186711,-0.0434784052277306,-0.00859342337090842,-0.026259477763567,0.00525,2022-09-29,"growth_rate"
19265,-0.0339213063833507,-0.0596622433795586,-0.0424138677828768,-0.00804913724398441,-0.0254763445952088,0.0058125,2022-09-30,"growth_rate"
19266,-0.0330678264949156,-0.0587802057100225,-0.0415159980173095,-0.00742439674498873,-0.02447353448755,0.0078125,2022-10-01,"growth_rate"
19267,-0.0321984511005999,-0.0588510744741268,-0.04107207802192,-0.00515037142036088,-0.02320985938352,0.0114375,2022-10-02,"growth_rate"
19268,-0.0314930789646053,-0.0585071553456123,-0.0404889662683589,-0.00348085754849035,-0.0221572751929031,0.015,2022-10-03,"growth_rate"
19269,-0.0306377767606213,-0.0573665615543017,-0.0397603937517292,-0.00265520428426081,-0.021470796692326,0.0165,2022-10-04,"growth_rate"
19270,-0.0300841405781637,-0.0555208390603325,-0.0387445086736449,-0.00259072389869734,-0.020994816272599,0.0170625,2022-10-05,"growth_rate"
19271,-0.029480205108851,-0.054601597967566,-0.0379069088166276,-0.00194901099431021,-0.0205343098024753,0.0194375,2022-10-06,"growth_rate"
19272,-0.0289319836375915,-0.0548656856191388,-0.0377399661414561,-0.000445353488112047,-0.019670728623205,0.0235,2022-10-07,"growth_rate"
19273,-0.0285585042513723,-0.0552970294473347,-0.0375434191115116,0.000352706141402826,-0.0190723362705181,0.0265625,2022-10-08,"growth_rate"
19274,-0.0282894136644549,-0.0549398697631139,-0.0372336312197216,0.000285172364985558,-0.0189637720968015,0.025875,2022-10-09,"growth_rate"
19275,-0.0281038420616312,-0.0543030009734025,-0.0371342773139415,-0.00015749475270442,-0.0189416362106129,0.024625,2022-10-10,"growth_rate"
19276,-0.0281727799792241,-0.0544129543974445,-0.0372070471754911,-0.000260987481819854,-0.0190174231063207,0.0241875,2022-10-11,"growth_rate"
19277,-0.0284383103048744,-0.0556300082243036,-0.0375008404922336,0.000718960749283847,-0.0189864028372612,0.0274375,2022-10-12,"growth_rate"
19278,-0.0287974085262109,-0.0565182980426965,-0.0381828141302286,0.0010458451229791,-0.0191843457653547,0.0291875,2022-10-13,"growth_rate"
19279,-0.0292217089092174,-0.0566599665036124,-0.0386206960482575,0.000562568436034732,-0.0196519115309037,0.0269375,2022-10-14,"growth_rate"
19280,-0.0297260181801482,-0.0566959378403098,-0.0391070496273936,-0.00108788360767809,-0.0203979357365006,0.0223125,2022-10-15,"growth_rate"
19281,-0.0304440688958624,-0.0571934538936211,-0.0396709888423508,-0.00131205332058362,-0.0210302850792128,0.0210625,2022-10-16,"growth_rate"
19282,-0.0312640961463021,-0.0585523290814819,-0.0406573425214788,-0.00148589788186967,-0.0215986241185111,0.02125,2022-10-17,"growth_rate"
19283,-0.0322021619851934,-0.0603908737449117,-0.0418188017549724,-0.00135740524484978,-0.0225541225433891,0.0205,2022-10-18,"growth_rate"
19284,-0.0333533910580702,-0.0617403073142849,-0.0428599844574725,-0.00282818536858502,-0.0235833452351115,0.0165625,2022-10-19,"growth_rate"
19285,-0.0347315261538662,-0.0626395186263208,-0.0439747670914964,-0.00495559408031482,-0.0250569803787604,0.0120625,2022-10-20,"growth_rate"
19286,-0.0361156577155897,-0.0643938323872815,-0.0454691509481428,-0.0063722064484156,-0.0264682469566538,0.009375,2022-10-21,"growth_rate"
19287,-0.0377785132605377,-0.0668298146157464,-0.0472804990260614,-0.00696727902038791,-0.027853184630369,0.009,2022-10-22,"growth_rate"
19288,-0.0395148861589962,-0.0690603748895183,-0.0493609702252328,-0.00828448375346325,-0.0294580530170708,0.008625,2022-10-23,"growth_rate"
19289,-0.0413065198324802,-0.0712693864464106,-0.0513619099573341,-0.0102575324273201,-0.0314398520324072,0.006,2022-10-24,"growth_rate"
19290,-0.0435119641355358,-0.0737146712974289,-0.053602753394164,-0.0128190848928764,-0.0335016861131104,0.0040625,2022-10-25,"growth_rate"
19291,-0.0458660961460078,-0.0765142426525681,-0.0559293634274202,-0.0145752038964723,-0.0353419873730232,0.002875,2022-10-26,"growth_rate"
19292,-0.048143107543596,-0.0804320639587135,-0.0589774004819868,-0.0159191733504877,-0.0371025491998088,0.002375,2022-10-27,"growth_rate"
19293,-0.0506095148630798,-0.084450142414351,-0.0616573902725538,-0.0173524072057364,-0.0392169318222911,0.0018125,2022-10-28,"growth_rate"
19294,-0.0529928022739014,-0.0880502300454002,-0.064441256084638,-0.0192719923660636,-0.0414449632363617,0.001125,2022-10-29,"growth_rate"
19295,-0.055302369163616,-0.0911738174518662,-0.0672041661681438,-0.021570185722925,-0.0436762345228192,0.0006875,2022-10-30,"growth_rate"
19296,-0.0577537762152537,-0.0955763304201342,-0.0704299364676175,-0.0231436316948407,-0.0458306541325167,0.0004375,2022-10-31,"growth_rate"
19297,-0.0601781450749084,-0.100871605192413,-0.0736185608543118,-0.0234533313258085,-0.0476670210734734,0.0004375,2022-11-01,"growth_rate"
19298,-0.0627501739348484,-0.106342155805909,-0.0766457345831642,-0.0242865030444441,-0.0494035115346063,0.0003125,2022-11-02,"growth_rate"
19299,-0.0651495862414359,-0.11135425360507,-0.079810741966771,-0.0246428223402325,-0.0509293208228018,0.00025,2022-11-03,"growth_rate"
19300,-0.0671708235027757,-0.115974123939591,-0.0827337657937997,-0.0250220984293469,-0.0522291816424655,0.00025,2022-11-04,"growth_rate"
19301,-0.0691544500375189,-0.121375096328659,-0.0857270218336312,-0.025191083012214,-0.053354599060273,5e-04,2022-11-05,"growth_rate"
19302,-0.070883426407563,-0.127629066614776,-0.0886964785441565,-0.0242260774035329,-0.0542370243988012,0.0008125,2022-11-06,"growth_rate"
19303,-0.0727365521969228,-0.133141880458985,-0.0912196378797349,-0.0232529761369649,-0.0548392389885031,0.0015625,2022-11-07,"growth_rate"
19304,-0.0740211558782469,-0.138475174135015,-0.0936201573635046,-0.0221687828133996,-0.0553182950028877,0.002375,2022-11-08,"growth_rate"
19305,-0.0751002195943776,-0.143286463191411,-0.0955381567248302,-0.0210712539812063,-0.0557294703865362,0.0026875,2022-11-09,"growth_rate"
19306,-0.0758095042264454,-0.147962861685831,-0.0975409695891426,-0.0192072653763333,-0.0556548698730775,0.004,2022-11-10,"growth_rate"
19307,-0.0764459541186356,-0.152614051371563,-0.0991216990960978,-0.0167537485031104,-0.0550666462929668,0.0055625,2022-11-11,"growth_rate"
19308,-0.0768727659493034,-0.157721020749772,-0.100688319136216,-0.014544827976612,-0.0546010732235761,0.0075,2022-11-12,"growth_rate"
19309,-0.0772738760553854,-0.16180285441326,-0.102130014520211,-0.0125096017683828,-0.0540919356369531,0.0103125,2022-11-13,"growth_rate"
19310,-0.0774354622704295,-0.165243832337759,-0.103347564022753,-0.0100756771490638,-0.0535998676146234,0.012875,2022-11-14,"growth_rate"
19141,1.77105353021147,1.31566176210939,1.60690540988844,2.3640240317947,1.95424452276796,0.9998125,2022-05-29,"Rt"
19142,1.76943197085227,1.33189374083041,1.61031956582046,2.33678371570386,1.94568221515062,0.9998125,2022-05-30,"Rt"
19143,1.766940021721,1.34989169893923,1.61604545217539,2.3088368622338,1.9353401387316,0.9999375,2022-05-31,"Rt"
19144,1.76658686290961,1.36429231747576,1.62118236851538,2.2813069959224,1.92559717708554,1,2022-06-01,"Rt"
19145,1.76510585287399,1.37825169308025,1.62568466220129,2.25868474176553,1.91662782434108,1,2022-06-02,"Rt"
19146,1.76456493360554,1.39159913770499,1.63099429340689,2.23362772913966,1.90861090061959,1,2022-06-03,"Rt"
19147,1.76396562536192,1.4049660712003,1.63643981115074,2.21388951239921,1.90301401195396,1,2022-06-04,"Rt"
19148,1.76419611735356,1.41909013085698,1.64223075921319,2.19251630343236,1.89683169802037,1,2022-06-05,"Rt"
19149,1.76437962912554,1.43296641793634,1.64843465470373,2.1689156229524,1.89240423850093,1,2022-06-06,"Rt"
19150,1.76546461460733,1.44393739794444,1.65463378847034,2.15387431605183,1.88824949344004,1,2022-06-07,"Rt"
19151,1.76748556907229,1.45745835006837,1.66012184689785,2.14173425187174,1.88544519103282,1,2022-06-08,"Rt"
19152,1.76974696044078,1.47136762032672,1.66642887158286,2.12900350540055,1.88337557037175,1,2022-06-09,"Rt"
19153,1.7729761751622,1.48440489320502,1.67274451849536,2.11732225655135,1.88290261696819,1,2022-06-10,"Rt"
19154,1.77588744579907,1.49661681054101,1.67897938087214,2.10341518292232,1.88256683955497,1,2022-06-11,"Rt"
19155,1.77883864283009,1.50755424627983,1.68548796212743,2.0931785365368,1.88217830741678,1,2022-06-12,"Rt"
19156,1.7831794437548,1.51582723369367,1.69186924048896,2.08429327099537,1.88318586448611,1,2022-06-13,"Rt"
19157,1.78616198110274,1.52734381870583,1.69878642872052,2.07328970988009,1.88263811968755,1,2022-06-14,"Rt"
19158,1.7892224169777,1.53936433716769,1.70460681733531,2.06559498555857,1.88164603644407,1,2022-06-15,"Rt"
19159,1.79365503582936,1.54690035934919,1.70989582763541,2.06062121433914,1.88168014897775,1,2022-06-16,"Rt"
19160,1.79713243000371,1.55411374346557,1.71424169516804,2.05795142996171,1.88269882082451,1,2022-06-17,"Rt"
19161,1.79992465997426,1.56101765503129,1.71935649145549,2.05475511769704,1.88409753239699,1,2022-06-18,"Rt"
19162,1.80318419833861,1.56904541778771,1.72344120238578,2.04972330720655,1.88471395505824,1,2022-06-19,"Rt"
19163,1.80674539807496,1.5794144041374,1.72924442245224,2.05064013841215,1.88655254834596,1,2022-06-20,"Rt"
19164,1.8101330410239,1.59020437840069,1.73457506562144,2.04789673118102,1.88888649633922,1,2022-06-21,"Rt"
19165,1.81390164086939,1.59776998895561,1.73950610509023,2.0477076777022,1.890172022677,1,2022-06-22,"Rt"
19166,1.81731809729709,1.60389624556428,1.74322142663346,2.0504426783444,1.89230728077746,1,2022-06-23,"Rt"
19167,1.82038322480926,1.61241911499384,1.74806648318765,2.04983703446748,1.8938136766569,1,2022-06-24,"Rt"
19168,1.823049732406,1.62089751514441,1.75245973056832,2.0478270020088,1.89441840093256,1,2022-06-25,"Rt"
19169,1.82503240982153,1.62800177953839,1.75557496409748,2.04808776037059,1.89560922344284,1,2022-06-26,"Rt"
19170,1.8258924798643,1.63174740787943,1.75750209608444,2.04857364722576,1.89704376235628,1,2022-06-27,"Rt"
19171,1.82618439185348,1.63310701598874,1.75756849451324,2.0488945335248,1.89708493975586,1,2022-06-28,"Rt"
19172,1.82458301394959,1.6347443739474,1.75775500567211,2.04676449265475,1.89498187409275,1,2022-06-29,"Rt"
19173,1.82133297384273,1.63872379448196,1.75647192015463,2.04203780265004,1.89085221669395,1,2022-06-30,"Rt"
19174,1.81623965086312,1.63667806037909,1.753844539213,2.03175925950296,1.88624629549486,1,2022-07-01,"Rt"
19175,1.80838411954995,1.63124068231856,1.74655416589404,2.02505452979107,1.87722834691344,1,2022-07-02,"Rt"
19176,1.79856427728592,1.62368890710472,1.73690782197631,2.01618051839481,1.86718611262695,1,2022-07-03,"Rt"
19177,1.78575942381069,1.61546254172569,1.72424900566588,1.99728902794458,1.8525287457445,1,2022-07-04,"Rt"
19178,1.76959553633924,1.60328215098663,1.70958480632035,1.97421648257552,1.8345829295692,1,2022-07-05,"Rt"
19179,1.75023684507535,1.5857877059317,1.69075983844018,1.9521276001311,1.81400789834809,1,2022-07-06,"Rt"
19180,1.72678269368292,1.5644688623012,1.66808416635372,1.9280556813086,1.7892355578332,1,2022-07-07,"Rt"
19181,1.69963917922786,1.54000408326993,1.64236922800843,1.89969210920245,1.7617025673304,1,2022-07-08,"Rt"
19182,1.66928623386327,1.51454402840709,1.61339563662487,1.86249977523284,1.7301400425124,1,2022-07-09,"Rt"
19183,1.6360997994466,1.48493220241977,1.58234608734397,1.8214371765025,1.69349178025811,1,2022-07-10,"Rt"
19184,1.59964817908752,1.45191268809316,1.54720099766836,1.77888039599521,1.65534215947662,1,2022-07-11,"Rt"
19185,1.56203653778989,1.41481208164736,1.51144244372777,1.73401103564611,1.61670806987787,1,2022-07-12,"Rt"
19186,1.52418043669982,1.3785461823917,1.47458985146079,1.6876917422451,1.57723267432433,1,2022-07-13,"Rt"
19187,1.48541267659778,1.3443659498039,1.43696444966966,1.64140338762496,1.5369454193384,1,2022-07-14,"Rt"
19188,1.44697510882718,1.31051947967404,1.40015142271297,1.59433369660857,1.4956455040806,1,2022-07-15,"Rt"
19189,1.40904339109525,1.27434537609803,1.36395718384533,1.55163393900505,1.45594430943583,1,2022-07-16,"Rt"
19190,1.37180453990339,1.23720459007602,1.32762995307409,1.51268821083783,1.41721943789161,1,2022-07-17,"Rt"
19191,1.33560991246772,1.2031814505061,1.29223352976583,1.473562720162,1.38091977032766,1,2022-07-18,"Rt"
19192,1.30176796373627,1.16987194655681,1.25811495174799,1.43442018343378,1.3448951501745,1,2022-07-19,"Rt"
19193,1.26838421218884,1.13923311019783,1.22593027000131,1.39497406067572,1.31074487341082,0.9999375,2022-07-20,"Rt"
19194,1.236889267581,1.11183423906513,1.19436910512076,1.35902713519857,1.27820191311159,0.99975,2022-07-21,"Rt"
19195,1.20642048432394,1.0838422973948,1.16431318434421,1.32812588337709,1.2474064673686,0.999125,2022-07-22,"Rt"
19196,1.17746915150375,1.05577382629068,1.13649269190582,1.29798696044964,1.21852599366084,0.9976875,2022-07-23,"Rt"
19197,1.15007203363051,1.03261858146457,1.11034423044745,1.2690405064224,1.19014454748433,0.9924375,2022-07-24,"Rt"
19198,1.1246738329816,1.01025318530688,1.08636448587143,1.2405993300671,1.1636143529224,0.9831875,2022-07-25,"Rt"
19199,1.10044011732599,0.988058632144262,1.06356486228999,1.21423532277385,1.1388338080898,0.9605625,2022-07-26,"Rt"
19200,1.07835334298258,0.967298885449115,1.04124682522277,1.19189621324107,1.11554292525077,0.9220625,2022-07-27,"Rt"
19201,1.05682579013899,0.947229055176986,1.0201547789905,1.16964770043514,1.09379880316013,0.853625,2022-07-28,"Rt"
19202,1.03645607014141,0.929755065013472,1.00112039350245,1.14763691038532,1.07257097531153,0.7569375,2022-07-29,"Rt"
19203,1.01707560882599,0.914230762437108,0.982842417908503,1.127425721966,1.05228742296831,0.6333125,2022-07-30,"Rt"
19204,0.99908099487016,0.898960026190354,0.965423326427321,1.10774666974993,1.03421327747759,0.4921875,2022-07-31,"Rt"
19205,0.981875175440051,0.88207261199248,0.948194558571059,1.089257143019,1.01700241526153,0.3605,2022-08-01,"Rt"
19206,0.965452787553852,0.867330025568762,0.932109759062826,1.07326802502905,1.00106592209713,0.25625,2022-08-02,"Rt"
19207,0.94975086065676,0.852220665922397,0.916909104388563,1.05479960173571,0.984296052185233,0.1621875,2022-08-03,"Rt"
19208,0.934837713029717,0.83819297088154,0.902366389345575,1.03716411738162,0.968045234228279,0.0978125,2022-08-04,"Rt"
19209,0.920303153176929,0.825597031687317,0.888120288290747,1.02144679810693,0.952255589527167,0.0583125,2022-08-05,"Rt"
19210,0.905810043788548,0.813731963418205,0.873886351479625,1.00761392603181,0.937598285353127,0.033625,2022-08-06,"Rt"
19211,0.892183186805704,0.800070449476962,0.860037714534729,0.994464361437444,0.924930635686632,0.0201875,2022-08-07,"Rt"
19212,0.879271197296803,0.787659748646353,0.846669875341474,0.980893389788362,0.911534635929791,0.011125,2022-08-08,"Rt"
19213,0.866485786716596,0.775451184736552,0.834801663531832,0.96526805231106,0.898559940023833,0.0059375,2022-08-09,"Rt"
19214,0.854876839495735,0.763748877359037,0.8233904734053,0.952687141378315,0.886294101292393,0.003125,2022-08-10,"Rt"
19215,0.843550346958534,0.751441788465401,0.812069205383728,0.940724800197738,0.874745423269885,0.001625,2022-08-11,"Rt"
19216,0.832749327543494,0.740982611715698,0.801618136232835,0.929381760810782,0.863302226908205,0.0013125,2022-08-12,"Rt"
19217,0.822224365574541,0.730794070961999,0.792094453586942,0.917448618513199,0.852607045765312,0.00075,2022-08-13,"Rt"
19218,0.812299665534627,0.721700859661811,0.782963534569499,0.906615976452765,0.842748472961361,0.000375,2022-08-14,"Rt"
19219,0.80334469588014,0.713751330241717,0.774146798691146,0.897881664553373,0.83352139864945,0.0001875,2022-08-15,"Rt"
19220,0.795483650815691,0.70710996137717,0.765942271633228,0.889424144536951,0.825711417422304,0,2022-08-16,"Rt"
19221,0.788148391021675,0.699560216596717,0.758282158670259,0.881937403735661,0.818686580021097,6.25e-05,2022-08-17,"Rt"
19222,0.782072182951807,0.693249434763335,0.752482784141591,0.875325472207795,0.812433541496661,0,2022-08-18,"Rt"
19223,0.776415204024202,0.687947281430732,0.747103571707168,0.867208538876687,0.806652410546303,0,2022-08-19,"Rt"
19224,0.771786044038336,0.684345861236328,0.742775669225609,0.862510902656408,0.802151161303234,0,2022-08-20,"Rt"
19225,0.768401422058213,0.681305312341002,0.738956629864328,0.859312657011551,0.798823916356807,0,2022-08-21,"Rt"
19226,0.765659508550578,0.678542229590446,0.736275814140818,0.857775920334018,0.796209584892446,0,2022-08-22,"Rt"
19227,0.764363216132564,0.676387170587946,0.734646765841672,0.856692139873006,0.794861265408718,0,2022-08-23,"Rt"
19228,0.763551480508536,0.675943835311463,0.734127326207574,0.856151413471276,0.793410282210381,0,2022-08-24,"Rt"
19229,0.763661416831661,0.676833571137878,0.734342100647344,0.85621612556672,0.792458352953554,0,2022-08-25,"Rt"
19230,0.763853655421191,0.677166713964724,0.734268365550756,0.85812229427257,0.793258710664838,0,2022-08-26,"Rt"
19231,0.76472806519662,0.677927575849947,0.735176858174548,0.86115684510271,0.795033672561454,0,2022-08-27,"Rt"
19232,0.766251006646873,0.679570597097421,0.736640196796823,0.861985779946355,0.79699403365848,6.25e-05,2022-08-28,"Rt"
19233,0.767609077112656,0.682012630890468,0.73852337590975,0.862479745609952,0.798697488248567,6.25e-05,2022-08-29,"Rt"
19234,0.769181260470423,0.683808757068441,0.740208564408439,0.864999492276804,0.800600257611625,0,2022-08-30,"Rt"
19235,0.77097511159363,0.686039841749842,0.741880896891274,0.868508257262128,0.802639700169767,0.000125,2022-08-31,"Rt"
19236,0.773173914714599,0.688503601741191,0.743753907446541,0.871126731344383,0.805212046210238,0.000125,2022-09-01,"Rt"
19237,0.775711065441129,0.691438590825752,0.746200813993849,0.873748958979277,0.80718248596677,6.25e-05,2022-09-02,"Rt"
19238,0.778274857009772,0.693669891282272,0.748864311490056,0.876490990997732,0.809307512744855,0,2022-09-03,"Rt"
19239,0.780279007853205,0.69492432197888,0.750791424634832,0.879158514715165,0.811672794645483,0.000125,2022-09-04,"Rt"
19240,0.782115282142257,0.695921570908553,0.752544758174792,0.882834473680909,0.814092694441568,0.0001875,2022-09-05,"Rt"
19241,0.783806464950064,0.695980868050075,0.753512480105952,0.885212493664687,0.816049877895306,0.000375,2022-09-06,"Rt"
19242,0.785031788215465,0.696322702797086,0.75421917823638,0.888467644214382,0.81713013570814,0.0003125,2022-09-07,"Rt"
19243,0.784735199979462,0.696178121370328,0.754818791114725,0.889003174053847,0.817712845412314,0.000125,2022-09-08,"Rt"
19244,0.784508010094387,0.695190358443884,0.754420325172281,0.889285340439912,0.818086929697289,0.0001875,2022-09-09,"Rt"
19245,0.784067896938775,0.693887526132546,0.75308605453591,0.890081831861722,0.817526349526908,0.0001875,2022-09-10,"Rt"
19246,0.782742327798202,0.691065785809092,0.751466398493726,0.889044551782529,0.816895272769332,0.0003125,2022-09-11,"Rt"
19247,0.781249080372033,0.689854878383952,0.749478403352676,0.885299881073081,0.815134240699153,0.000375,2022-09-12,"Rt"
19248,0.779455138729858,0.688372416477387,0.747823725047179,0.882270493574318,0.812912657892081,0.0003125,2022-09-13,"Rt"
19249,0.77748323178677,0.686185307783848,0.745965008012176,0.878045280975076,0.810610956460733,0.00025,2022-09-14,"Rt"
19250,0.775506799916492,0.684121392964489,0.743437462373369,0.875699196799155,0.80862383167558,0.0001875,2022-09-15,"Rt"
19251,0.773590703861751,0.681208418243976,0.741183797422374,0.873479741967458,0.806527528307453,0.000125,2022-09-16,"Rt"
19252,0.772568211152356,0.679771023310068,0.740015303024927,0.87185550825334,0.804734966145074,0,2022-09-17,"Rt"
19253,0.771102395428796,0.677873525141958,0.739163379312185,0.868665001880653,0.803550636175941,0,2022-09-18,"Rt"
19254,0.770264820242398,0.675684092071943,0.738650485165933,0.867396545765116,0.803465101075416,0,2022-09-19,"Rt"
19255,0.770063362028792,0.673563858627349,0.737722951897675,0.868867107234525,0.803994088236488,6.25e-05,2022-09-20,"Rt"
19256,0.770907339147986,0.673163292966458,0.737960055635004,0.869884541391119,0.804161606104321,0.000125,2022-09-21,"Rt"
19257,0.771726745196165,0.672694429722862,0.739008125039185,0.871261631953722,0.805126133104928,0.000125,2022-09-22,"Rt"
19258,0.773092040567215,0.673999356923034,0.740282110222272,0.874061331537819,0.806465870903724,0.000125,2022-09-23,"Rt"
19259,0.775208111322972,0.675784093299879,0.742412881680028,0.877343413664342,0.809169356417632,0.0001875,2022-09-24,"Rt"
19260,0.777548159080639,0.677922774235852,0.744231430139634,0.880565932035302,0.812333468157484,0.0001875,2022-09-25,"Rt"
19261,0.780784826321987,0.679971717520437,0.747086771851326,0.885746687881136,0.815056766876802,0.0001875,2022-09-26,"Rt"
19262,0.783938393320583,0.68325696341015,0.750694389338383,0.889880720646366,0.817648735361809,0.0001875,2022-09-27,"Rt"
19263,0.78788241955921,0.687229666505268,0.754337860554447,0.894233068180076,0.821217731246287,0.0001875,2022-09-28,"Rt"
19264,0.791547316820803,0.690468089475989,0.758124817517508,0.89869881219068,0.825793948287525,0.000125,2022-09-29,"Rt"
19265,0.795650305050096,0.694674990803428,0.761867564969107,0.905208535666235,0.83101406632412,0.0001875,2022-09-30,"Rt"
19266,0.80010265668992,0.698109484171356,0.76569140490973,0.910971932583173,0.835730930771881,5e-04,2022-10-01,"Rt"
19267,0.804602256691675,0.702474254036577,0.769824024974749,0.916421700064858,0.84068069193369,0.000625,2022-10-02,"Rt"
19268,0.80902238476775,0.707041355931222,0.774305244168253,0.919964012715697,0.845148540815857,0.0009375,2022-10-03,"Rt"
19269,0.813386814109233,0.709860630702835,0.778238500762494,0.927717028932944,0.850388253112238,0.001375,2022-10-04,"Rt"
19270,0.817657957954928,0.713490302175914,0.782006490147534,0.933439409631786,0.8557742260157,0.0023125,2022-10-05,"Rt"
19271,0.822304052431967,0.716106216378283,0.785824726196365,0.94005864723475,0.860773198468245,0.003125,2022-10-06,"Rt"
19272,0.825871866539196,0.720737980515463,0.790074958210943,0.94618448677901,0.865109438614544,0.0044375,2022-10-07,"Rt"
19273,0.829642140702199,0.724660801983332,0.793466821632473,0.950868822649587,0.869394413455496,0.00475,2022-10-08,"Rt"
19274,0.833078894225673,0.728325595051364,0.796840269724647,0.955987433920389,0.872811248650274,0.0056875,2022-10-09,"Rt"
19275,0.83590279512935,0.730814488793299,0.799735511189875,0.961482544130586,0.875802698909782,0.0070625,2022-10-10,"Rt"
19276,0.838522782365223,0.732674028611722,0.801224795077437,0.964684878757231,0.878593768643932,0.008875,2022-10-11,"Rt"
19277,0.84056970397146,0.734497134461799,0.803059600842977,0.96764867969144,0.881481164468589,0.0093125,2022-10-12,"Rt"
19278,0.841985662223034,0.735167500843207,0.804140674628566,0.969321881895798,0.882566480583819,0.0091875,2022-10-13,"Rt"
19279,0.842570170114124,0.735856861724563,0.804538673931648,0.971194742144122,0.883829253894927,0.00975,2022-10-14,"Rt"
19280,0.842736617988792,0.734066853553311,0.80387177522454,0.972554131368473,0.884323141051036,0.0104375,2022-10-15,"Rt"
19281,0.842407017149733,0.73259603845368,0.802867282995256,0.974812432429911,0.883787981769875,0.011375,2022-10-16,"Rt"
19282,0.841030009499941,0.730006312035182,0.801665151772465,0.972634748345018,0.882626150948706,0.0113125,2022-10-17,"Rt"
19283,0.839039762958866,0.727809531077739,0.799425662900204,0.972080074503749,0.880909842410872,0.0106875,2022-10-18,"Rt"
19284,0.836630773968525,0.725955860615221,0.796147456985115,0.969289700457107,0.878321184129884,0.00975,2022-10-19,"Rt"
19285,0.833245517909296,0.723199405483129,0.793016544113478,0.966769796750473,0.875282971737591,0.0093125,2022-10-20,"Rt"
19286,0.829029848598097,0.718191023937243,0.788819425798049,0.96331955391281,0.871259959099985,0.0086875,2022-10-21,"Rt"
19287,0.823963858756743,0.712901365137148,0.784967787784878,0.959298109250094,0.866898007766763,0.0074375,2022-10-22,"Rt"
19288,0.818969643906969,0.705664818522077,0.779159582092098,0.95396107930206,0.860980246933438,0.0054375,2022-10-23,"Rt"
19289,0.812660250247722,0.699410684171754,0.772957686215457,0.947689331519331,0.854723711605421,0.00475,2022-10-24,"Rt"
19290,0.805865908394875,0.690887829970697,0.76598205874495,0.940573951433292,0.848265727486579,0.0038125,2022-10-25,"Rt"
19291,0.798504719541138,0.683725608527613,0.758384470003175,0.934067333300644,0.840819773567907,0.0033125,2022-10-26,"Rt"
19292,0.790044387424703,0.674334481027584,0.749791712562387,0.925965624174903,0.832513301428286,0.0019375,2022-10-27,"Rt"
19293,0.781108300433247,0.665452553727796,0.740565476915245,0.916213659168228,0.823774783293496,0.001625,2022-10-28,"Rt"
19294,0.771661430946862,0.65459165128694,0.730544001355288,0.907397562113177,0.814723713498656,0.0009375,2022-10-29,"Rt"
19295,0.761436664988724,0.642225410304387,0.719745212249915,0.898850890099184,0.806436729443106,0.00075,2022-10-30,"Rt"
19296,0.750816241568859,0.628620841961185,0.708469825317131,0.890467669155565,0.79690914637848,0.00025,2022-10-31,"Rt"
19297,0.740080485051716,0.615537338493765,0.696777702290089,0.881158400880518,0.786611052917933,0.0003125,2022-11-01,"Rt"
19298,0.729570765817565,0.600961417233619,0.684870917124541,0.87275332118956,0.777163481808682,0.00025,2022-11-02,"Rt"
19299,0.718952854251915,0.584952180035803,0.672092647733611,0.865891795845306,0.767731780727331,0.000125,2022-11-03,"Rt"
19300,0.708548309722625,0.569879581799372,0.659190899175125,0.860355425246183,0.758974975892578,0.000125,2022-11-04,"Rt"
19301,0.6983008782245,0.552636099260509,0.647062676907809,0.85692521343411,0.750694054694357,0.000125,2022-11-05,"Rt"
19302,0.68813697704412,0.535342376074622,0.634844357420398,0.854010227558124,0.742186059355647,6.25e-05,2022-11-06,"Rt"
19303,0.677863569398658,0.517497634433289,0.622229448173312,0.851255127085812,0.735886178951672,0.000125,2022-11-07,"Rt"
19304,0.668536840480517,0.500187032945954,0.610147819212377,0.851323312113063,0.729732738463229,0.0001875,2022-11-08,"Rt"
19305,0.660476490502792,0.480908977400019,0.59853650510704,0.85235059199212,0.724523762903405,0.0001875,2022-11-09,"Rt"
19306,0.652273045781865,0.463542142664005,0.588138068950324,0.854155720293345,0.720821501498499,0.00025,2022-11-10,"Rt"
19307,0.645823895184656,0.446337259826451,0.577698142625321,0.858448226195388,0.717328830391924,0.0010625,2022-11-11,"Rt"
19308,0.639218888015578,0.429722714478344,0.568234736776523,0.864307309952095,0.714548192161084,0.00175,2022-11-12,"Rt"
19309,0.634643268935634,0.413698683011262,0.559624140440516,0.872323221001617,0.713036983546745,0.002,2022-11-13,"Rt"
19310,0.630772181925546,0.399327588771747,0.551629968796059,0.882154183259454,0.712872892974744,0.0029375,2022-11-14,"Rt"
19311,0.627067715185949,0.385495263708578,0.544656173471012,0.892680929916752,0.713560970495103,0.0043125,2022-11-15,"Rt"
