ClusterID,Size
1,10
2,6
3,4
4,3
5,14
6,4
7,3
8,3
9,3
10,2
11,12
12,60
13,4
14,5
15,2
16,3
17,29
18,12
19,4
20,45
21,7
22,2
23,12
24,2
25,2
26,5
27,5
28,42
29,3
30,16
31,9
32,49
33,4
34,3
35,7
36,2
37,8
38,4
39,2
40,49
41,9
42,22
43,5
44,17
45,2
46,3
47,5
48,15
49,2
50,16
51,2
52,3
53,7
54,7
55,4
56,2
57,7
58,19
59,59
60,17
61,5
62,2
63,7
64,16
65,7
66,4
67,6
68,3
69,5
70,2
71,11
72,2
73,4
74,10
75,15
76,2
77,6
78,51
79,156
80,103
81,2
82,2
83,47
84,19
85,2
86,32
87,11
88,8
89,48
90,10
91,5
92,3
93,39
94,2
95,4
96,66
97,12
98,217
99,15
100,5
101,35
102,2
103,3
104,21
105,2
106,4
107,30
108,8
109,7
110,16
111,6
112,2
113,31
114,3
115,8
116,9
117,22
118,3
119,4
120,3
121,3
122,10
123,7
124,3
125,2
126,123
127,28
128,57
129,24
130,5
131,2
132,64
133,12
134,6
135,6
136,3
137,2
138,5
139,21
140,2
141,2
142,2
143,4
144,4
145,5
146,3
147,27
148,12
149,6
150,2
151,2
152,2
153,2
154,7
155,26
156,11
157,8
158,2
159,14
160,14
161,4
162,2
163,7
164,18
165,7
166,5
167,37
168,33
169,26
170,6
171,10
172,2
173,4
174,3
175,2
176,2
177,2
178,4
179,2
180,5
181,7
182,12
183,9
184,3
185,10
186,3
187,82
188,7
189,2
190,12
191,2
192,22
193,4
194,8
195,4
196,5
197,4
198,14
199,4
200,13
201,12
202,14
203,22
204,30
205,14
206,4
207,12
208,2
209,2
210,2
211,9
212,6
213,4
214,3
215,11
216,2
217,5
218,7
219,4
220,2
221,8
222,2
223,15
224,10
225,3
226,2
227,4
228,6
229,7
230,4
231,2
232,27
233,29
234,8
235,2
236,2
237,11
238,2
239,2
240,6
241,3
242,9
243,6
244,2
245,15
246,13
247,2
248,54
249,2
250,2
251,19
252,7
253,3
254,2
255,12
256,14
257,31
258,34
259,8
260,6
261,6
262,51
263,10
264,2
265,2
266,2
267,9
268,4
269,5
270,3
271,5
272,3
273,2
274,2
275,11
276,5
277,5
278,3
279,6
280,4
281,3
282,15
283,10
284,9
285,2
286,69
287,3
288,7
289,8
290,9
291,3
292,2
293,3
294,2
295,18
296,3
297,2
298,2
299,14
300,3
301,12
302,5
303,10
304,2
305,3
306,2
307,44
308,5
309,28
310,4
311,9
312,2
313,2
314,3
315,2
316,3
317,4
318,16
319,11
320,13
321,49
322,3
323,2
324,2
325,4
326,5
327,8
328,28
329,2
330,2
331,4
332,2
333,3
334,2
335,4
336,3
337,7
338,6
339,5
340,5
341,9
342,22
343,2
344,7
345,5
346,4
347,3
348,9
349,2
350,5
351,3
352,9
353,4
354,5
355,2
356,2
357,3
358,35
359,2
360,6
361,17
362,12
363,6
364,2
365,2
366,59
367,10
368,2
369,2
370,2
371,11
372,4
373,3
374,25
375,2
376,6
377,5
378,5
379,4
380,22
381,7
382,2
383,2
384,8
385,3
386,8
387,5
388,2
389,29
390,2
391,2
392,2
393,3
394,5
395,6
396,14
397,15
398,6
399,3
400,2
401,2
402,2
403,2
404,22
405,2
406,3
407,2
408,11
409,12
410,13
411,6
412,7
413,5
414,7
415,2
416,2
417,2
418,2
419,16
420,3
421,4
422,5
423,2
424,10
425,3
426,2
427,2
428,34
429,2
430,2
431,5
432,13
433,2
434,3
435,2
436,2
437,3
438,2
439,2
440,3
441,2
442,4
443,4
444,6
445,20
446,5
447,2
448,9
449,3
450,5
451,5
452,2
453,4
454,2
455,9
456,2
457,7
458,4
459,4
460,3
461,3
462,3
463,2
464,7
465,2
466,2
467,2
468,2
469,2
470,25
471,9
472,4
473,2
474,6
475,2
476,5
477,3
478,4
479,27
480,2
481,5
482,3
483,3
484,2
485,5
486,8
487,6
488,2
489,6
490,6
491,2
492,2
493,14
494,2
495,3
496,2
497,3
498,28
499,4
500,3
501,2
502,4
503,12
504,7
505,8
506,2
507,7
508,24
509,5
510,7
511,9
512,7
513,2
514,2
515,4
516,2
517,2
518,3
519,4
520,5
521,24
522,5
523,2
524,3
525,3
526,3
527,2
528,3
529,3
530,4
531,10
532,4
533,3
534,3
535,3
536,7
537,2
538,3
539,2
540,2
541,2
542,3
543,6
544,4
545,3
546,4
547,5
548,21
549,6
550,2
551,3
552,6
553,3
554,2
555,20
556,9
557,2
558,6
559,5
560,2
561,6
562,2
563,6
564,10
565,6
566,3
567,2
568,4
569,2
570,2
571,4
572,2
573,7
574,8
575,14
576,2
577,7
578,5
579,3
580,2
581,3
582,5
583,5
584,8
585,4
586,2
587,3
588,13
589,9
590,3
591,4
592,2
593,8
594,10
595,11
596,19
597,2
598,12
599,7
600,4
601,18
602,5
603,2
604,2
605,2
606,6
607,2
608,3
609,3
610,3
611,2
612,3
613,37
614,4
615,3
616,2
617,17
618,6
619,4
620,2
621,6
622,5
623,2
624,2
625,4
626,4
627,3
628,16
629,38
630,3
631,6
632,7
633,2
634,6
635,5
636,2
637,12
638,2
639,11
640,12
641,4
642,3
643,2
644,10
645,2
646,2
647,4
648,2
649,4
650,2
651,6
652,2
653,2
654,4
655,2
656,12
657,2
658,5
659,7
660,2
661,5
662,5
663,2
664,20
665,9
666,4
667,2
668,4
669,2
670,4
671,2
672,2
673,2
674,4
675,7
676,2
677,5
678,15
679,2
680,2
681,4
682,26
683,2
684,2
685,4
686,3
687,2
688,2
689,9
690,50
691,2
692,7
693,3
694,2
695,2
696,4
697,11
698,44
699,51
700,7
701,3
702,11
703,2
704,2
705,8
706,2
707,10
708,2
709,2
710,9
711,3
712,2
713,8
714,2
715,2
716,9
717,7
718,2
719,4
720,2
721,2
722,2
723,2
724,2
725,2
726,5
727,4
728,42
729,5
730,2
731,3
732,23
733,3
734,2
735,2
736,5
737,2
738,2
739,2
740,2
741,7
742,3
743,2
744,2
745,3
746,2
747,19
748,23
749,3
750,2
751,56
752,3
753,6
754,2
755,9
756,9
757,2
758,3
759,4
760,3
761,3
762,2
763,10
764,6
765,3
766,3
767,2
768,2
769,2
770,3
771,11
772,2
773,2
774,2
775,3
776,2
777,5
778,2
779,3
780,4
781,4
782,2
783,2
784,2
785,4
786,11
787,2
788,2
789,8
790,9
791,22
792,3
793,4
794,2
795,4
796,8
797,2
798,3
799,2
800,2
801,3
802,2
803,4
804,2
805,2
806,2
807,5
808,2
809,2
810,2
811,2
812,3
813,2
814,2
815,2
816,3
817,4
818,3
819,3
820,2
821,7
822,19
823,34
824,18
825,3
826,3
827,2
828,3
829,2
830,4
831,57
832,2
833,4
834,8
835,16
836,4
837,4
838,6
839,2
840,2
841,2
842,3
843,5
844,3
845,2
846,4
847,2
848,4
849,2
850,17
851,2
852,2
853,6
854,2
855,2
856,8
857,3
858,3
859,2
860,2
861,4
862,7
863,2
864,6
865,4
866,5
867,3
868,4
869,2
870,2
871,6
872,3
873,7
874,2
875,5
876,3
877,3
878,2
879,2
880,4
881,5
882,5
883,3
884,2
885,2
886,7
887,2
888,3
889,3
890,6
891,3
892,2
893,12
894,2
895,3
896,2
897,2
898,5
899,2
900,2
901,2
902,2
903,2
904,9
905,3
906,2
907,7
908,3
909,3
910,2
911,5
912,18
913,20
914,4
915,5
916,4
917,2
918,2
919,3
920,9
921,2
922,2
923,7
924,2
925,11
926,2
927,3
928,11
929,2
930,3
931,3
932,3
933,2
934,5
935,31
936,7
937,6
938,2
939,3
940,4
941,2
942,4
943,4
944,2
945,3
946,4
947,2
948,2
949,2
950,2
951,2
952,6
953,2
954,2
955,2
956,2
957,6
958,2
959,9
960,2
961,2
962,3
963,2
964,5
965,2
966,4
967,29
968,2
969,3
970,2
971,5
972,3
973,9
974,2
975,2
976,2
977,2
978,3
979,5
980,3
981,2
982,2
983,3
984,2
985,6
986,4
987,4
988,2
989,2
990,4
991,3
992,3
993,2
994,2
995,2
996,2
997,2
998,2
999,6
1000,5
1001,4
1002,2
1003,2
1004,5
1005,3
1006,4
1007,2
1008,5
1009,2
1010,2
1011,7
1012,6
1013,12
1014,2
1015,2
1016,2
1017,3
1018,2
1019,2
1020,2
1021,14
1022,4
1023,4
1024,2
1025,2
1026,2
1027,5
1028,2
1029,2
1030,4
1031,3
1032,3
1033,5
1034,2
1035,5
1036,7
1037,5
1038,3
1039,10
1040,3
1041,3
1042,12
1043,4
1044,2
1045,2
1046,14
1047,6
1048,2
1049,5
1050,13
1051,2
1052,2
1053,26
1054,2
1055,2
1056,2
1057,2
1058,2
1059,2
1060,2
1061,3
1062,2
1063,2
1064,4
1065,2
1066,2
1067,2
1068,7
1069,2
1070,3
1071,2
1072,24
1073,4
1074,2
1075,2
1076,2
1077,10
1078,8
1079,4
1080,4
1081,3
1082,3
1083,9
1084,10
1085,2
1086,2
1087,2
1088,2
1089,3
1090,4
1091,3
1092,3
1093,2
1094,2
1095,13
1096,4
1097,3
1098,12
1099,2
1100,3
1101,4
1102,2
1103,7
1104,2
1105,4
1106,31
1107,2
1108,4
1109,6
1110,2
1111,3
1112,5
1113,2
1114,4
1115,7
1116,2
1117,7
1118,4
1119,3
1120,4
1121,4
1122,2
1123,13
1124,5
1125,2
1126,2
1127,2
1128,4
1129,7
1130,3
1131,2
1132,9
1133,4
1134,11
1135,2
1136,2
1137,2
1138,2
1139,4
1140,2
1141,3
1142,2
1143,2
1144,3
1145,6
1146,2
1147,2
1148,2
1149,12
1150,3
1151,3
1152,2
1153,3
1154,7
1155,20
1156,3
1157,5
1158,3
1159,2
1160,5
1161,6
1162,3
1163,21
1164,4
1165,2
1166,2
1167,15
1168,4
1169,3
1170,3
1171,31
1172,3
1173,10
1174,2
1175,2
1176,5
1177,18
1178,5
1179,5
1180,4
1181,3
1182,2
1183,11
1184,3
1185,4
1186,14
1187,3
1188,9
1189,3
1190,5
1191,2
1192,5
1193,4
1194,3
1195,2
1196,2
1197,2
1198,3
1199,5
1200,2
1201,2
1202,3
1203,6
1204,3
1205,2
1206,3
1207,3
1208,3
1209,2
1210,2
1211,3
1212,5
1213,4
1214,2
1215,2
1216,10
1217,3
1218,2
1219,5
1220,3
1221,2
1222,2
1223,5
1224,3
1225,2
1226,2
1227,2
1228,4
1229,3
1230,2
1231,2
1232,2
1233,5
1234,3
1235,3
1236,4
1237,2
1238,3
1239,3
1240,5
1241,2
1242,8
1243,2
1244,13
1245,2
1246,2
1247,14
1248,2
1249,2
1250,2
1251,2
1252,2
1253,3
1254,3
1255,2
1256,6
1257,2
1258,11
1259,2
1260,4
1261,2
1262,2
1263,3
1264,2
1265,2
1266,2
1267,3
1268,2
1269,4
1270,2
1271,7
1272,2
1273,2
1274,2
1275,15
1276,3
1277,7
1278,2
1279,2
1280,9
1281,2
1282,2
1283,15
1284,2
1285,2
1286,4
1287,3
1288,2
1289,4
1290,2
1291,4
1292,3
1293,2
1294,3
1295,5
1296,7
1297,3
1298,3
1299,3
1300,2
1301,3
1302,2
1303,8
1304,5
1305,2
1306,3
1307,2
1308,2
1309,2
1310,2
1311,2
1312,2
1313,3
1314,3
1315,2
1316,2
1317,2
1318,5
1319,2
1320,2
1321,2
1322,2
1323,4
1324,5
1325,7
1326,2
1327,4
1328,3
1329,3
1330,2
1331,2
1332,2
1333,3
1334,2
1335,3
1336,2
1337,5
1338,6
1339,2
1340,3
1341,5
1342,5
1343,5
1344,4
1345,2
1346,2
1347,9
1348,2
1349,2
1350,5
1351,2
1352,2
1353,2
1354,3
1355,2
1356,5
1357,3
1358,2
1359,8
1360,8
1361,2
1362,2
1363,3
1364,3
1365,2
1366,7
1367,2
1368,3
1369,10
1370,3
1371,14
1372,2
1373,3
1374,2
1375,7
1376,2
1377,7
1378,2
1379,2
1380,2
1381,3
1382,5
1383,5
1384,2
1385,3
1386,2
1387,2
1388,3
1389,2
1390,5
1391,13
1392,3
1393,4
1394,3
1395,2
1396,4
1397,2
1398,3
1399,2
1400,2
1401,2
1402,3
1403,2
1404,7
1405,3
1406,2
1407,2
1408,2
1409,8
1410,3
1411,2
1412,3
1413,2
1414,12
1415,7
1416,3
1417,10
1418,2
1419,2
1420,2
1421,2
1422,2
1423,2
1424,5
1425,2
1426,15
1427,2
1428,2
1429,2
1430,3
1431,3
1432,2
1433,2
1434,2
1435,2
1436,2
1437,2
1438,2
1439,2
1440,2
1441,2
1442,2
1443,2
1444,2
1445,2
1446,2
1447,2
1448,2
1449,4
1450,2
1451,2
1452,2
1453,2
1454,2
1455,4
1456,5
1457,5
1458,3
1459,2
1460,2
1461,2
1462,14
1463,3
1464,2
1465,3
1466,6
1467,2
1468,3
1469,5
1470,2
1471,7
1472,2
1473,2
1474,3
1475,3
1476,2
1477,5
1478,4
1479,2
1480,2
1481,4
1482,2
1483,2
1484,2
1485,2
1486,2
1487,3
1488,2
1489,2
1490,2
1491,4
1492,3
1493,5
1494,4
1495,2
1496,2
1497,6
1498,3
1499,2
1500,7
1501,5
1502,7
1503,2
1504,10
1505,2
1506,5
1507,3
1508,11
1509,7
1510,3
1511,2
1512,2
1513,3
1514,2
1515,2
1516,2
1517,3
1518,2
1519,4
1520,3
1521,4
1522,3
1523,4
1524,2
1525,3
1526,6
1527,3
1528,2
1529,2
1530,4
1531,2
1532,3
1533,3
1534,4
1535,2
1536,2
1537,19
1538,2
1539,2
1540,8
1541,2
1542,3
1543,3
1544,2
1545,2
1546,2
1547,2
1548,17
1549,7
1550,4
1551,2
1552,2
1553,2
1554,2
1555,7
1556,2
1557,3
1558,2
1559,2
1560,2
1561,7
1562,2
1563,4
1564,3
1565,2
1566,2
1567,2
1568,3
1569,2
1570,3
1571,2
1572,7
1573,16
1574,2
1575,2
1576,2
1577,7
1578,5
1579,2
1580,3
1581,2
1582,2
1583,2
1584,2
1585,4
1586,2
1587,2
1588,3
1589,2
1590,2
1591,2
1592,2
1593,5
1594,2
1595,2
1596,4
1597,2
1598,2
1599,2
1600,2
1601,2
1602,2
1603,2
1604,2
1605,15
1606,2
1607,4
1608,2
1609,2
1610,3
1611,2
1612,3
1613,4
1614,2
1615,5
1616,5
1617,3
1618,10
1619,2
1620,3
1621,3
1622,5
1623,3
1624,2
1625,7
1626,2
1627,2
1628,3
1629,2
1630,2
1631,2
1632,3
1633,2
1634,3
1635,6
1636,2
1637,9
1638,5
1639,2
1640,2
1641,2
1642,2
1643,2
1644,2
1645,5
1646,5
1647,2
1648,4
1649,5
1650,2
1651,2
1652,2
1653,3
1654,3
1655,38
1656,2
1657,2
1658,4
1659,3
1660,4
1661,3
1662,2
1663,2
1664,2
1665,4
1666,2
1667,2
1668,2
1669,2
1670,2
1671,2
1672,3
1673,2
1674,2
1675,3
1676,3
1677,3
1678,2
1679,2
1680,3
1681,2
1682,2
1683,2
1684,2
1685,2
1686,2
1687,2
1688,2
1689,2
1690,2
1691,5
1692,2
1693,2
1694,9
1695,14
1696,2
1697,2
1698,2
1699,2
1700,2
1701,2
1702,3
1703,16
1704,2
1705,2
1706,2
1707,3
1708,2
1709,2
1710,3
1711,4
1712,2
1713,3
1714,2
1715,2
1716,3
1717,6
1718,2
1719,5
1720,2
1721,2
1722,2
1723,7
1724,3
1725,2
1726,2
1727,2
1728,2
1729,2
1730,2
1731,3
1732,3
1733,4
1734,3
1735,7
1736,2
1737,2
1738,2
1739,47
1740,2
1741,2
1742,11
1743,2
1744,2
1745,2
1746,3
1747,3
1748,3
1749,2
1750,2
1751,2
1752,8
1753,2
1754,3
1755,4
1756,2
1757,2
1758,2
1759,2
1760,2
1761,4
1762,10
1763,6
1764,2
1765,2
1766,5
1767,6
1768,2
1769,2
1770,2
1771,2
1772,4
1773,3
1774,4
1775,2
1776,2
1777,3
1778,2
1779,2
1780,4
1781,3
1782,2
1783,7
1784,3
1785,4
1786,5
1787,5
1788,2
1789,2
1790,2
1791,3
1792,3
1793,2
1794,2
1795,2
1796,2
1797,3
1798,2
1799,2
1800,2
1801,3
1802,2
1803,2
1804,2
1805,2
1806,3
1807,2
1808,2
1809,3
1810,2
1811,2
1812,7
1813,7
1814,3
1815,22
1816,2
1817,9
1818,4
1819,2
1820,7
1821,2
1822,3
1823,3
1824,9
1825,2
1826,2
1827,2
1828,6
1829,3
1830,3
1831,4
1832,2
1833,2
1834,5
1835,4
1836,6
1837,2
1838,2
1839,2
1840,3
1841,2
1842,2
1843,2
1844,3
1845,2
1846,2
1847,2
1848,2
1849,2
1850,2
1851,2
1852,2
1853,2
1854,5
1855,3
1856,3
1857,2
1858,2
1859,2
1860,3
1861,14
1862,2
1863,2
1864,2
1865,2
1866,2
1867,2
1868,7
1869,5
1870,2
1871,3
1872,3
1873,2
1874,2
1875,2
1876,2
1877,2
1878,3
1879,2
1880,2
1881,2
1882,2
1883,2
1884,3
1885,2
1886,4
1887,4
1888,3
1889,2
1890,4
1891,4
1892,3
1893,4
1894,2
1895,2
1896,6
1897,2
1898,2
1899,2
1900,2
1901,3
1902,2
1903,2
1904,2
1905,2
1906,3
1907,2
1908,5
1909,2
1910,7
1911,2
1912,2
1913,4
1914,4
1915,2
1916,10
1917,6
1918,3
1919,4
1920,2
1921,11
1922,3
1923,4
1924,3
1925,5
1926,4
1927,5
1928,9
1929,2
1930,2
1931,4
1932,2
1933,4
1934,2
1935,2
1936,2
1937,3
1938,3
1939,2
1940,2
1941,3
1942,3
1943,2
1944,6
1945,2
1946,2
1947,2
1948,2
1949,2
1950,4
1951,2
1952,3
1953,3
1954,2
1955,3
1956,4
1957,2
1958,9
1959,3
1960,2
1961,3
1962,2
1963,2
1964,29
1965,2
1966,2
1967,2
1968,2
1969,2
1970,5
1971,3
1972,16
1973,4
1974,3
1975,2
1976,2
1977,2
1978,2
1979,8
1980,2
1981,3
1982,3
1983,2
1984,6
1985,2
1986,2
1987,3
1988,2
1989,2
1990,2
1991,2
1992,3
1993,2
1994,2
1995,3
1996,2
1997,2
1998,2
1999,3
2000,2
2001,2
2002,2
2003,3
2004,2
2005,2
2006,3
2007,2
2008,2
2009,2
2010,3
2011,2
2012,4
2013,2
2014,3
2015,2
2016,2
2017,7
2018,2
2019,3
2020,2
2021,2
2022,2
2023,2
2024,3
2025,2
2026,5
2027,2
2028,2
2029,2
2030,2
2031,2
2032,13
2033,2
2034,3
2035,4
2036,2
2037,3
2038,2
2039,2
2040,3
2041,2
2042,2
2043,4
2044,2
2045,3
2046,2
2047,3
2048,3
2049,2
2050,2
2051,2
2052,2
2053,2
2054,2
2055,2
2056,2
2057,2
2058,8
2059,2
2060,2
2061,5
2062,2
2063,2
2064,2
2065,3
2066,2
2067,3
2068,3
2069,2
2070,2
2071,2
2072,2
2073,2
2074,2
2075,3
2076,2
2077,3
2078,2
2079,3
2080,2
2081,2
2082,2
2083,2
2084,11
2085,2
2086,2
2087,2
2088,2
2089,2
2090,7
2091,4
2092,2
2093,5
2094,3
2095,2
2096,2
2097,17
2098,2
2099,2
2100,2
2101,3
2102,3
2103,2
2104,3
2105,6
2106,2
2107,2
2108,2
2109,2
2110,2
2111,2
2112,2
2113,2
2114,9
2115,4
2116,3
2117,2
2118,2
2119,2
2120,2
2121,2
2122,3
2123,2
2124,2
2125,2
2126,7
2127,2
2128,2
2129,4
2130,3
2131,2
2132,3
2133,2
2134,2
2135,2
2136,2
2137,2
2138,3
2139,5
2140,2
2141,2
2142,2
2143,8
2144,2
2145,3
2146,2
2147,2
2148,2
2149,2
2150,4
2151,2
2152,2
2153,2
2154,2
2155,2
2156,2
2157,2
2158,2
2159,4
2160,2
2161,2
2162,2
2163,2
2164,3
2165,2
2166,3
2167,2
2168,4
2169,3
2170,2
2171,2
2172,7
2173,2
2174,9
2175,2
2176,10
2177,5
2178,3
2179,7
2180,2
2181,13
2182,4
2183,2
2184,3
2185,2
2186,4
2187,6
2188,2
2189,5
2190,2
2191,3
2192,2
2193,2
2194,2
2195,6
2196,2
2197,7
2198,2
2199,2
2200,2
2201,5
2202,3
2203,2
2204,3
2205,2
2206,2
2207,3
2208,2
2209,2
2210,6
2211,2
2212,3
2213,2
2214,3
2215,2
2216,2
2217,2
2218,2
2219,4
2220,2
2221,3
2222,4
2223,2
2224,5
2225,2
2226,4
2227,3
2228,2
2229,2
2230,2
2231,3
2232,2
2233,2
2234,2
2235,8
2236,3
2237,2
2238,3
2239,2
2240,2
2241,2
2242,9
2243,2
2244,2
2245,4
2246,2
2247,2
2248,12
2249,2
2250,2
2251,2
2252,2
2253,2
2254,3
2255,3
2256,2
2257,3
2258,2
2259,2
2260,2
2261,2
2262,2
2263,2
2264,2
2265,3
2266,2
2267,3
2268,4
2269,2
2270,5
2271,2
2272,3
2273,2
2274,2
2275,3
2276,15
2277,2
2278,3
2279,3
2280,2
2281,2
2282,3
2283,2
2284,2
2285,2
2286,2
2287,2
2288,4
2289,2
2290,3
2291,2
2292,4
2293,6
2294,2
2295,2
2296,11
2297,2
2298,2
2299,4
2300,2
2301,2
2302,2
2303,2
2304,2
2305,6
2306,4
2307,4
2308,2
2309,6
2310,2
2311,4
2312,6
2313,2
2314,2
2315,3
2316,4
2317,2
2318,2
2319,2
2320,7
2321,2
2322,3
2323,2
2324,2
2325,15
2326,6
2327,3
2328,2
2329,2
2330,6
2331,9
2332,3
2333,3
2334,5
2335,3
2336,3
2337,2
2338,2
2339,2
2340,2
2341,3
2342,2
2343,2
2344,3
2345,7
2346,2
2347,2
2348,2
2349,3
2350,2
2351,2
2352,2
2353,4
2354,6
2355,2
2356,4
2357,3
2358,2
2359,3
2360,3
2361,2
2362,2
2363,2
2364,2
2365,2
2366,2
2367,2
2368,2
2369,2
2370,2
2371,2
2372,2
2373,2
2374,2
2375,6
2376,2
2377,2
2378,2
2379,2
2380,2
2381,2
2382,3
2383,2
2384,2
2385,3
2386,2
2387,2
2388,3
2389,2
2390,2
2391,2
2392,2
2393,2
2394,2
2395,3
2396,2
2397,2
2398,2
2399,2
2400,3
2401,6
2402,2
2403,3
2404,3
2405,2
2406,2
2407,2
2408,3
2409,2
2410,5
2411,3
2412,2
2413,2
2414,6
2415,2
2416,3
2417,2
2418,2
2419,2
2420,2
2421,3
2422,2
2423,2
2424,2
2425,2
2426,3
2427,3
2428,3
2429,4
2430,2
2431,3
2432,3
2433,3
2434,2
2435,2
2436,2
2437,3
2438,4
2439,2
2440,4
2441,3
2442,2
2443,2
2444,2
2445,2
2446,3
2447,2
2448,3
2449,2
2450,2
2451,2
2452,3
2453,2
2454,2
2455,2
2456,4
2457,2
2458,2
2459,4
2460,4
2461,2
2462,3
2463,2
2464,3
2465,2
2466,2
2467,5
2468,2
2469,2
2470,2
2471,2
2472,7
2473,2
2474,2
2475,2
2476,3
2477,2
2478,2
2479,2
2480,2
2481,4
2482,2
2483,3
2484,2
2485,2
2486,4
2487,3
2488,2
2489,2
2490,2
2491,4
2492,3
2493,8
2494,3
2495,2
2496,2
2497,2
2498,3
2499,2
2500,4
2501,3
2502,2
2503,2
2504,2
2505,2
2506,2
2507,2
2508,2
2509,2
2510,4
2511,3
2512,2
2513,2
2514,3
2515,2
2516,4
2517,2
2518,2
2519,6
2520,2
2521,3
2522,3
2523,4
2524,4
2525,3
2526,3
2527,3
2528,2
2529,2
2530,2
2531,3
2532,10
2533,2
2534,3
2535,4
2536,3
2537,5
2538,8
2539,2
2540,4
2541,4
2542,2
2543,2
2544,2
2545,2
2546,3
2547,3
2548,2
2549,2
2550,2
2551,2
2552,2
2553,3
2554,5
2555,5
2556,2
2557,2
2558,11
2559,2
2560,3
2561,2
2562,4
2563,4
2564,2
2565,2
2566,3
2567,6
2568,2
2569,2
2570,2
2571,2
2572,2
2573,4
2574,2
2575,5
2576,2
2577,4
2578,2
2579,2
2580,2
2581,2
2582,3
2583,2
2584,2
2585,2
2586,2
2587,2
2588,14
2589,2
2590,2
2591,2
2592,2
2593,4
2594,2
2595,2
2596,2
2597,3
2598,9
2599,2
2600,2
2601,3
2602,2
2603,3
2604,2
2605,5
2606,3
2607,2
2608,2
2609,2
2610,4
2611,3
2612,5
2613,6
2614,2
2615,2
2616,2
2617,4
2618,2
2619,4
2620,3
2621,5
2622,2
2623,3
2624,2
2625,2
2626,3
2627,3
2628,2
2629,2
2630,3
2631,2
2632,2
2633,2
2634,6
2635,3
2636,2
2637,2
2638,3
2639,2
2640,2
2641,6
2642,2
2643,2
2644,2
2645,3
2646,2
2647,5
2648,2
2649,2
2650,2
2651,2
2652,2
2653,2
2654,4
2655,2
2656,3
2657,2
2658,3
2659,2
2660,2
2661,2
2662,8
2663,2
2664,3
2665,2
2666,2
2667,4
2668,3
2669,4
2670,2
2671,3
2672,3
2673,13
2674,2
2675,6
2676,2
2677,2
2678,2
2679,2
2680,2
2681,2
2682,2
2683,4
2684,6
2685,3
2686,3
2687,3
2688,2
2689,4
2690,2
2691,2
2692,2
2693,3
2694,2
2695,2
2696,2
2697,3
2698,2
2699,2
2700,4
2701,2
2702,2
2703,2
2704,3
2705,2
2706,2
2707,2
2708,2
2709,5
2710,2
2711,2
2712,2
2713,2
2714,3
2715,3
2716,2
2717,3
2718,2
2719,4
2720,2
2721,2
2722,4
2723,2
2724,2
2725,3
2726,3
2727,2
2728,2
2729,2
2730,5
2731,2
2732,2
2733,2
2734,3
2735,3
2736,2
2737,2
2738,2
2739,2
2740,2
2741,2
2742,2
2743,3
2744,3
2745,3
2746,2
2747,4
2748,7
2749,5
2750,2
2751,2
2752,2
2753,3
2754,2
2755,2
2756,2
2757,5
2758,2
2759,2
2760,2
2761,2
2762,2
2763,2
2764,2
2765,2
2766,3
2767,5
2768,2
2769,2
2770,2
2771,3
2772,2
2773,3
2774,2
2775,2
2776,5
2777,2
2778,2
2779,2
2780,2
2781,2
2782,2
2783,2
2784,2
2785,2
2786,2
2787,3
2788,5
2789,2
2790,2
2791,2
2792,2
2793,2
2794,2
2795,5
2796,2
2797,2
2798,4
2799,4
2800,2
2801,2
2802,6
2803,2
2804,4
2805,2
2806,3
2807,7
2808,2
2809,2
2810,2
2811,2
2812,2
2813,2
2814,2
2815,2
2816,18
2817,2
2818,2
2819,3
2820,2
2821,2
2822,2
2823,7
2824,3
2825,3
2826,2
2827,2
2828,2
2829,3
2830,6
2831,2
2832,2
2833,2
2834,4
2835,2
2836,5
2837,2
2838,2
2839,13
2840,3
2841,2
2842,4
2843,5
2844,2
2845,2
2846,2
2847,2
2848,2
2849,12
2850,2
2851,6
2852,2
2853,2
2854,2
2855,2
2856,5
2857,5
2858,2
2859,2
2860,2
2861,3
2862,2
2863,2
2864,2
2865,3
2866,2
2867,2
2868,2
2869,2
2870,7
2871,3
2872,6
2873,5
2874,2
2875,2
2876,3
2877,4
2878,13
2879,5
2880,2
2881,2
2882,3
2883,2
2884,9
2885,3
2886,4
2887,2
2888,5
2889,2
2890,11
2891,4
2892,2
2893,2
2894,3
2895,3
2896,9
2897,2
2898,3
2899,5
2900,4
2901,2
2902,2
2903,3
2904,2
2905,5
2906,3
2907,2
2908,3
2909,2
2910,2
2911,2
2912,2
2913,2
2914,3
2915,2
2916,4
2917,2
2918,2
2919,3
2920,2
2921,3
2922,2
2923,2
2924,2
2925,2
2926,2
2927,5
2928,3
2929,3
2930,2
2931,2
2932,2
2933,6
2934,3
2935,3
2936,2
2937,2
2938,22
2939,2
2940,5
2941,4
2942,2
2943,6
2944,2
2945,3
2946,2
2947,2
2948,2
2949,2
2950,3
2951,2
2952,2
2953,2
2954,3
2955,4
2956,3
2957,2
2958,2
2959,4
2960,2
2961,2
2962,2
2963,3
2964,5
2965,2
2966,2
2967,2
2968,2
2969,8
2970,3
2971,2
2972,2
2973,2
2974,2
2975,2
2976,3
2977,3
2978,3
2979,2
2980,2
2981,2
2982,2
2983,3
2984,2
2985,2
2986,2
2987,3
2988,2
2989,4
2990,9
2991,5
2992,2
2993,3
2994,5
2995,2
2996,2
2997,2
2998,3
2999,2
3000,3
3001,21
3002,3
3003,2
3004,2
3005,4
3006,2
3007,4
3008,2
3009,2
3010,2
3011,4
3012,3
3013,2
3014,2
3015,3
3016,3
3017,2
3018,2
3019,2
3020,4
3021,2
3022,3
3023,2
3024,5
3025,3
3026,4
3027,2
3028,2
3029,5
3030,3
3031,2
3032,6
3033,3
3034,2
3035,2
3036,4
3037,5
3038,10
3039,2
3040,6
3041,2
3042,2
3043,4
3044,5
3045,3
3046,2
3047,2
3048,2
3049,2
3050,2
3051,15
3052,2
3053,2
3054,2
3055,2
3056,3
3057,3
3058,2
3059,2
3060,2
3061,2
3062,2
3063,2
3064,2
3065,3
3066,2
3067,2
3068,3
3069,2
3070,2
3071,2
3072,3
3073,2
3074,4
3075,4
3076,8
3077,2
3078,2
3079,2
3080,3
3081,2
3082,2
3083,4
3084,5
3085,2
3086,2
3087,3
3088,2
3089,3
3090,2
3091,2
3092,2
3093,11
3094,4
3095,2
3096,2
3097,2
3098,2
3099,2
3100,2
3101,2
3102,2
3103,2
3104,4
3105,3
3106,2
3107,2
3108,2
3109,6
3110,2
3111,2
3112,7
3113,2
3114,2
3115,2
3116,5
3117,2
3118,2
3119,2
3120,2
3121,2
3122,6
3123,2
3124,3
3125,2
3126,2
3127,2
3128,2
3129,2
3130,2
3131,2
3132,3
3133,2
3134,4
3135,2
3136,3
3137,4
3138,2
3139,2
3140,2
3141,2
3142,2
3143,2
3144,2
3145,2
3146,2
3147,3
3148,2
3149,2
3150,4
3151,8
3152,2
3153,6
3154,2
3155,2
3156,2
3157,2
3158,2
3159,3
3160,2
3161,2
3162,2
3163,11
3164,3
3165,2
3166,2
3167,2
3168,2
3169,2
3170,4
3171,2
3172,5
3173,2
3174,2
3175,2
3176,2
3177,2
3178,2
3179,2
3180,2
3181,2
3182,2
3183,2
3184,2
3185,6
3186,2
3187,2
3188,3
3189,2
3190,7
3191,2
3192,3
3193,6
3194,2
3195,3
3196,2
3197,6
3198,2
3199,2
3200,2
3201,2
3202,2
3203,2
3204,6
3205,2
3206,2
3207,2
3208,2
3209,2
3210,4
3211,3
3212,3
3213,2
3214,4
3215,2
3216,2
3217,4
3218,2
3219,2
3220,2
3221,2
3222,2
3223,2
3224,2
3225,2
3226,2
3227,2
3228,2
3229,2
3230,2
3231,3
3232,2
3233,3
3234,2
3235,3
3236,2
3237,3
3238,2
3239,3
3240,4
3241,3
3242,5
3243,4
3244,2
3245,2
3246,4
3247,2
3248,3
3249,3
3250,3
3251,4
3252,3
3253,4
3254,2
3255,6
3256,2
3257,5
3258,2
3259,2
3260,2
3261,2
3262,2
3263,2
3264,2
3265,3
3266,13
3267,2
3268,2
3269,2
3270,3
3271,2
3272,2
3273,2
3274,2
3275,2
3276,2
3277,2
3278,6
3279,2
3280,2
3281,3
3282,3
3283,2
3284,5
3285,3
3286,2
3287,2
3288,2
3289,2
3290,2
3291,3
3292,4
3293,2
3294,2
3295,2
3296,2
3297,3
3298,2
3299,2
3300,2
3301,2
3302,2
3303,2
3304,2
3305,7
3306,2
3307,2
3308,2
3309,3
3310,2
3311,3
3312,2
3313,2
3314,2
3315,2
3316,5
3317,12
3318,2
3319,3
3320,5
3321,3
3322,2
3323,5
3324,2
3325,2
3326,4
3327,4
3328,2
3329,2
3330,2
3331,2
3332,2
3333,3
3334,2
3335,2
3336,2
3337,2
3338,2
3339,2
3340,3
3341,2
3342,2
3343,2
3344,2
3345,2
3346,2
3347,2
3348,3
3349,3
3350,2
3351,6
3352,2
3353,4
3354,2
3355,2
3356,10
3357,2
3358,2
3359,2
3360,3
3361,2
3362,4
3363,3
3364,4
3365,3
3366,2
3367,2
3368,2
3369,4
3370,2
3371,2
3372,2
3373,4
3374,3
3375,2
3376,2
3377,4
3378,2
3379,2
3380,2
3381,2
3382,2
3383,3
3384,2
3385,2
3386,2
3387,2
3388,2
3389,2
3390,2
3391,2
3392,2
3393,2
3394,2
3395,2
3396,2
3397,10
3398,2
3399,3
3400,2
3401,2
3402,3
3403,2
3404,2
3405,2
3406,2
3407,2
3408,2
3409,2
3410,2
3411,2
3412,2
3413,5
3414,2
3415,2
3416,2
3417,2
3418,2
3419,2
3420,2
3421,2
3422,2
3423,2
3424,2
3425,3
3426,2
3427,3
3428,5
3429,3
3430,2
3431,3
3432,2
3433,2
3434,2
3435,6
3436,2
3437,2
3438,2
3439,2
3440,2
3441,3
3442,2
3443,2
3444,2
3445,3
3446,2
3447,6
3448,2
3449,2
3450,3
3451,2
3452,2
3453,2
3454,2
3455,3
3456,2
3457,2
3458,2
3459,4
3460,2
3461,2
3462,2
3463,2
3464,2
3465,2
3466,2
3467,2
3468,9
3469,3
3470,2
3471,3
3472,3
3473,3
3474,2
3475,2
3476,2
3477,2
3478,4
3479,3
3480,2
3481,2
3482,6
3483,2
3484,3
3485,2
3486,5
3487,2
3488,2
3489,2
3490,8
3491,2
3492,2
3493,2
3494,2
3495,2
3496,2
3497,2
3498,3
3499,2
3500,2
3501,3
3502,2
3503,2
3504,2
3505,2
3506,3
3507,2
3508,2
3509,5
3510,2
3511,4
3512,2
3513,2
3514,2
3515,2
3516,2
3517,6
3518,2
3519,2
3520,3
3521,2
3522,2
3523,2
3524,2
3525,3
3526,2
3527,3
3528,2
3529,3
3530,2
3531,2
3532,2
3533,3
3534,2
3535,4
3536,2
3537,2
3538,3
3539,5
3540,2
3541,2
3542,3
3543,2
3544,3
3545,2
3546,2
3547,3
3548,2
3549,2
3550,3
3551,2
3552,2
3553,2
3554,4
3555,3
3556,2
3557,2
3558,2
3559,2
3560,2
3561,3
3562,2
3563,2
3564,4
3565,2
3566,2
3567,3
3568,2
3569,2
3570,2
3571,2
3572,2
3573,2
3574,2
3575,5
3576,2
3577,2
3578,2
3579,2
3580,2
3581,2
3582,2
3583,2
3584,2
3585,2
3586,2
3587,2
3588,3
3589,2
3590,2
3591,4
3592,2
3593,2
3594,3
3595,2
3596,2
3597,3
3598,2
3599,2
3600,2
3601,2
3602,2
3603,2
3604,2
3605,3
3606,2
3607,2
3608,2
3609,2
3610,2
3611,4
3612,2
3613,2
3614,3
3615,2
3616,2
3617,2
3618,2
3619,4
3620,2
3621,2
3622,2
3623,2
3624,2
3625,2
3626,5
3627,2
3628,2
3629,2
3630,2
3631,2
3632,2
3633,3
3634,2
3635,2
3636,2
3637,2
3638,2
3639,2
3640,2
3641,2
3642,2
3643,2
3644,2
3645,2
3646,2
3647,2
3648,2
3649,2
3650,2
3651,2
3652,2
3653,2
3654,2
3655,4
3656,2
3657,2
3658,2
3659,2
3660,2
3661,3
3662,4
3663,2
3664,2
3665,2
3666,2
3667,2
3668,2
3669,2
3670,2
3671,2
3672,2
3673,2
3674,2
3675,2
3676,2
3677,2
3678,2
3679,2
3680,2
3681,2
3682,2
3683,2
3684,2
3685,2
3686,2
3687,2
3688,2
3689,2
3690,2
3691,2
3692,2
3693,2
3694,2
3695,3
3696,2
3697,2
3698,2
3699,2
3700,2
3701,2
3702,2
3703,2
3704,2
3705,3
3706,2
3707,2
3708,2
3709,4
3710,2
3711,3
3712,2
3713,2
3714,2
3715,2
3716,2
3717,2
3718,2
3719,2
3720,2
3721,2
3722,2
3723,2
3724,2
3725,2
3726,2
3727,2
3728,2
3729,2
3730,2
3731,2
3732,2
3733,2
3734,2
3735,2
3736,2
3737,2
3738,2
3739,4
3740,2
3741,2
3742,2
3743,2
3744,2
3745,2
3746,2
3747,3
3748,2
3749,2
3750,2
3751,2
3752,2
3753,2
3754,2
3755,2
3756,2
3757,2
3758,2
3759,2
3760,2
3761,2
3762,2
3763,3
3764,2
3765,2
3766,2
3767,2
3768,2
3769,2
3770,2
3771,2
3772,2
3773,2
3774,2
3775,2
3776,2
3777,2
3778,2
3779,2
3780,3
3781,2
3782,2
3783,2
3784,2
3785,2
3786,2
3787,2
3788,2
3789,3
3790,2
3791,2
3792,2
3793,2
3794,2
3795,2
3796,2
3797,2
3798,2
3799,2
3800,2
3801,2
3802,2
3803,2
3804,2
3805,2
3806,2
3807,2
3808,2
3809,5
3810,2
3811,2
3812,2
3813,2
3814,2
3815,2
3816,2
3817,2
3818,4
3819,3
3820,2
3821,2
3822,2
3823,3
3824,2
3825,2
3826,2
3827,2
3828,2
3829,2
3830,2
3831,2
3832,2
3833,2
3834,4
3835,2
3836,2
3837,2
3838,3
3839,2
3840,2
3841,3
3842,2
3843,2
3844,2
3845,2
3846,2
3847,2
3848,2
3849,3
3850,2
3851,2
3852,2
3853,3
3854,2
3855,2
3856,3
3857,2
3858,2
3859,2
3860,2
3861,2
3862,3
3863,2
3864,2
3865,2
3866,2
3867,2
3868,2
3869,3
3870,2
3871,2
3872,2
3873,2
3874,2
3875,2
3876,2
3877,2
3878,4
3879,3
3880,2
3881,2
3882,2
3883,3
3884,3
3885,2
3886,2
3887,2
3888,6
3889,2
3890,2
3891,3
3892,6
3893,2
3894,4
3895,2
3896,2
3897,2
3898,2
3899,2
3900,2
3901,2
3902,2
3903,2
3904,2
3905,3
3906,3
3907,2
3908,2
3909,2
3910,2
3911,2
3912,2
3913,2
3914,2
3915,2
3916,2
3917,2
3918,2
3919,2
3920,2
3921,2
3922,2
3923,3
3924,3
3925,2
3926,2
3927,3
3928,2
3929,2
3930,4
3931,2
3932,2
3933,2
3934,2
3935,2
3936,2
3937,3
3938,2
3939,2
3940,2
3941,2
3942,2
3943,2
3944,2
3945,3
3946,2
3947,2
3948,2
3949,2
3950,2
3951,2
3952,2
3953,2
3954,2
3955,2
3956,2
3957,2
3958,2
3959,2
3960,2
3961,2
3962,2
3963,3
3964,2
3965,2
3966,3
3967,2
3968,2
3969,2
3970,2
3971,2
3972,2
3973,3
3974,2
3975,2
3976,2
3977,2
3978,2
3979,2
3980,2
3981,2
3982,4
3983,2
3984,2
3985,2
3986,2
3987,2
3988,2
3989,2
3990,2
3991,2
3992,2
3993,2
3994,2
3995,2
3996,2
3997,2
3998,2
3999,2
4000,2
4001,2
4002,2
4003,2
4004,2
4005,2
4006,2
4007,2
4008,2
4009,2
4010,2
4011,2
4012,2
4013,2
4014,2
4015,2
4016,2
4017,2
4018,2
4019,2
4020,2
4021,2
4022,2
4023,3
4024,2
4025,2
4026,2
4027,2
4028,2
4029,2
4030,3
4031,2
4032,2
4033,2
4034,2
4035,2
4036,2
4037,2
4038,2
4039,2
4040,2
4041,2
4042,2
4043,2
4044,2
4045,2
4046,2
4047,2
4048,2
4049,2
4050,2
4051,2
4052,2
4053,2
4054,2
4055,2
4056,2
4057,3
4058,2
4059,2
4060,2
4061,2
4062,2
4063,2
4064,2
4065,2
4066,2
4067,3
4068,2
4069,2
4070,2
4071,2
4072,2
4073,2
4074,2
4075,2
4076,2
4077,2
4078,2
4079,2
4080,2
4081,2
4082,2
4083,2
4084,2
4085,2
4086,2
4087,2
4088,2
4089,2
4090,2
4091,2
4092,3
4093,2
4094,2
4095,2
4096,2
4097,2
4098,2
4099,2
4100,2
4101,2
4102,2
4103,2
4104,2
4105,2
4106,2
4107,2
4108,2
4109,2
4110,2
4111,2
4112,2
4113,2
4114,2
4115,2
4116,3
4117,2
4118,2
4119,2
4120,2
4121,2
4122,2
4123,2
4124,2
4125,2
4126,2
4127,2
4128,2
4129,2
4130,2
4131,2
4132,2
4133,2
4134,2
4135,2
4136,2
4137,2
4138,3
4139,3
4140,2
4141,2
4142,2
4143,2
4144,2
4145,2
4146,3
4147,2
4148,2
4149,2
4150,2
4151,3
4152,4
4153,2
4154,2
4155,2
4156,2
4157,2
4158,2
4159,2
4160,2
4161,2
4162,2
4163,2
4164,2
4165,2
4166,2
4167,2
4168,2
4169,2
4170,2
4171,2
4172,2
4173,2
4174,2
4175,2
4176,2
4177,2
4178,2
4179,2
4180,3
4181,3
4182,2
4183,2
4184,2
4185,2
4186,2
4187,2
4188,2
4189,2
4190,2
4191,2
4192,2
4193,2
4194,2
4195,2
4196,3
4197,2
4198,2
4199,2
4200,2
4201,2
4202,3
4203,2
4204,2
4205,2
4206,2
4207,2
4208,2
4209,2
4210,2
4211,2
4212,2
4213,2
4214,3
4215,2
4216,3
4217,2
4218,2
4219,2
4220,3
4221,2
4222,2
4223,2
4224,2
4225,2
4226,2
4227,2
4228,2
4229,3
4230,2
4231,5
4232,3
4233,2
4234,2
4235,2
4236,2
4237,2
4238,2
4239,2
4240,2
4241,2
4242,2
4243,2
4244,2
4245,2
4246,2
4247,2
4248,2
4249,2
4250,2
4251,2
4252,2
4253,2
4254,2
4255,2
4256,2
4257,2
4258,2
4259,2